"","organisation_name.x","organisation_id.x","organisation_abbr.x","organisation_name.y","organisation_id.y","organisation_abbr.y"
"2","Botanic Garden and Botanical Museum Berlin-Dahlem (BGBM), Germany",302,"BGBM","Global Genome Biodiversity Network (GGBN)",1172,"GGBN"
"3","Botanic Garden and Botanical Museum Berlin-Dahlem (BGBM), Germany",302,"BGBM","State Museums of Natural History Karlsruhe (SMNK), Germany",2633,"SMNK"
"4","Botanic Garden and Botanical Museum Berlin-Dahlem (BGBM), Germany",302,"BGBM","Deutsche Forschungsgemeinschaft",749,"DFG"
"5","Botanic Garden and Botanical Museum Berlin-Dahlem (BGBM), Germany",302,"BGBM","State Museum of Natural History Stuttgart (SMNS), Germany",2632,"SMNS"
"6","Botanic Garden and Botanical Museum Berlin-Dahlem (BGBM), Germany",302,"BGBM","Bavarian Natural History Collections, SNSB IT Center, Germany",174,"BNHCSICG"
"7","Botanic Garden and Botanical Museum Berlin-Dahlem (BGBM), Germany",302,"BGBM","Zoological Research Museum Alexander Koenig (ZFMK), Bonn, Germany",3279,"ZFMK"
"9","Botanic Garden and Botanical Museum Berlin-Dahlem (BGBM), Germany",302,"BGBM","Friedrich Schiller University Jena",1064,"FSUJ"
"10","Botanic Garden and Botanical Museum Berlin-Dahlem (BGBM), Germany",302,"BGBM","Naturhistorisches Musuem Wien",2104,"NMW"
"12","Botanic Garden and Botanical Museum Berlin-Dahlem (BGBM), Germany",302,"BGBM","Austrian Academy of Sciences",152,"AAOS"
"13","Botanic Garden and Botanical Museum Berlin-Dahlem (BGBM), Germany",302,"BGBM","Department of Microbiology and Ecosystem Science, University of Vienna",3146,"DOMAESUOV"
"14","Botanic Garden and Botanical Museum Berlin-Dahlem (BGBM), Germany",302,"BGBM","European Organisation for Nuclear Research (CERN), Geneva, Switzerland",947,"CERN"
"15","Botanic Garden and Botanical Museum Berlin-Dahlem (BGBM), Germany",302,"BGBM","Plazi",3378,"P"
"16","Botanic Garden and Botanical Museum Berlin-Dahlem (BGBM), Germany",302,"BGBM","Pensoft Publishers",2305,"PP"
"17","Botanic Garden and Botanical Museum Berlin-Dahlem (BGBM), Germany",302,"BGBM","Naturalis Biodiversity Center",2094,"NBC"
"18","Botanic Garden and Botanical Museum Berlin-Dahlem (BGBM), Germany",302,"BGBM","Species 2000 Secretariat, Naturalis Biodiversity Center, Leiden, The Netherlands",2614,"SSNBCLTN"
"19","Botanic Garden and Botanical Museum Berlin-Dahlem (BGBM), Germany",302,"BGBM","University of Tartu, Estonia",3132,"UOTE"
"20","Botanic Garden and Botanical Museum Berlin-Dahlem (BGBM), Germany",302,"BGBM","Global Biodiversity Information Facility",1166,"GBIF"
"21","Botanic Garden and Botanical Museum Berlin-Dahlem (BGBM), Germany",302,"BGBM","LifeWatch ERIC",1717,"LE"
"22","Botanic Garden and Botanical Museum Berlin-Dahlem (BGBM), Germany",302,"BGBM","Consortium of European Taxonomic Facilities",3380,"CETAF"
"23","Botanic Garden and Botanical Museum Berlin-Dahlem (BGBM), Germany",302,"BGBM","Meise Botanic Garden",3379,"c(""Plantentuin Meise"", ""MBG"")"
"25","Botanic Garden and Botanical Museum Berlin-Dahlem (BGBM), Germany",302,"BGBM","Swiss Institute of Bioinformatics",2682,"SIB"
"26","Botanic Garden and Botanical Museum Berlin-Dahlem (BGBM), Germany",302,"BGBM","European Bioinformatics Institute, Wellcome Genome Campus",908,"EMBL-EBI"
"27","Botanic Garden and Botanical Museum Berlin-Dahlem (BGBM), Germany",302,"BGBM","Stichting TDWG Europe",3385,"STE"
"1","Global Genome Biodiversity Network (GGBN)",1172,"GGBN","Botanic Garden and Botanical Museum Berlin-Dahlem (BGBM), Germany",302,"BGBM"
"28","State Museums of Natural History Karlsruhe (SMNK), Germany",2633,"SMNK","Deutsche Forschungsgemeinschaft",749,"DFG"
"31","State Museums of Natural History Karlsruhe (SMNK), Germany",2633,"SMNK","State Museum of Natural History Stuttgart (SMNS), Germany",2632,"SMNS"
"41","State Museums of Natural History Karlsruhe (SMNK), Germany",2633,"SMNK","Bavarian Natural History Collections, SNSB IT Center, Germany",174,"BNHCSICG"
"51","State Museums of Natural History Karlsruhe (SMNK), Germany",2633,"SMNK","Zoological Research Museum Alexander Koenig (ZFMK), Bonn, Germany",3279,"ZFMK"
"61","State Museums of Natural History Karlsruhe (SMNK), Germany",2633,"SMNK","Botanic Garden and Botanical Museum Berlin-Dahlem (BGBM), Germany",302,"BGBM"
"29","Deutsche Forschungsgemeinschaft",749,"DFG","Max Planck Institute of Molecular Plant Physiology (MPIMP), Munich, Germany",1793,"MPIMP"
"32","Deutsche Forschungsgemeinschaft",749,"DFG","European Commission COSMOS FP7",917,"ECCF"
"210","Deutsche Forschungsgemeinschaft",749,"DFG","Justus-Liebig University Giessen, Giessen, Germany",1618,"JLUGGG"
"211","Deutsche Forschungsgemeinschaft",749,"DFG","European Commission",915,"EC"
"212","Deutsche Forschungsgemeinschaft",749,"DFG","European Molecular Biology Laboratory",941,"EMBL"
"33","Deutsche Forschungsgemeinschaft",749,"DFG","Marie Skodowska-Curie actions, Europe",1755,"MSCAE"
"213","Deutsche Forschungsgemeinschaft",749,"DFG","Institute of Medical Informatics (IMI), University of Muenster, Muenster, Germany",1423,"IMI"
"214","Deutsche Forschungsgemeinschaft",749,"DFG","Leibniz Institute for the Social Sciences (GESIS), Mannheim, Germany",1700,"GESIS"
"34","Deutsche Forschungsgemeinschaft",749,"DFG","Leibniz Information Centre for Economics (ZBW), Kiel, Germany",1696,"ZBW"
"215","Deutsche Forschungsgemeinschaft",749,"DFG","Leibniz Institute for Psychology Information (ZPID), Germany",1699,"ZPID"
"216","Deutsche Forschungsgemeinschaft",749,"DFG","SNSB, Botanische Staatssammlung Muenchen, Germany",2582,"SBSMG"
"35","Deutsche Forschungsgemeinschaft",749,"DFG","Bavarian Natural History Collections, SNSB IT Center, Germany",174,"BNHCSICG"
"42","Deutsche Forschungsgemeinschaft",749,"DFG","Faculty of Biology, Ludwig-Maximilians-University Munich",1731,"FOBLMUM"
"52","Deutsche Forschungsgemeinschaft",749,"DFG","Department of Mycology, University of Bayreuth",3020,"DOMUOB"
"62","Deutsche Forschungsgemeinschaft",749,"DFG","Federal Ministry of Education and Research",333,"BMBF"
"217","Deutsche Forschungsgemeinschaft",749,"DFG","Karlsruhe Institute of Technology",1624,"KIT"
"218","Deutsche Forschungsgemeinschaft",749,"DFG","DataCite",647,"D"
"121","Deutsche Forschungsgemeinschaft",749,"DFG","National Institute for Health Research",2003,"NIHR"
"219","Deutsche Forschungsgemeinschaft",749,"DFG","EuroEPINOMICS, European Science Foundation",903,"EESF"
"43","Deutsche Forschungsgemeinschaft",749,"DFG","U.S. Department of Energy",3167,"DOE"
"53","Deutsche Forschungsgemeinschaft",749,"DFG","EURenOmics",900,"E"
"63","Deutsche Forschungsgemeinschaft",749,"DFG","RD-Connect",2406,"RC"
"71","Deutsche Forschungsgemeinschaft",749,"DFG","NIH Data Commons",2163,"NDC"
"8","Deutsche Forschungsgemeinschaft",749,"DFG","European Comission Horizon 2020",912,"ECH"
"91","Deutsche Forschungsgemeinschaft",749,"DFG","National Center for Advancing Translational Sciences",1956,"NCATS"
"101","Deutsche Forschungsgemeinschaft",749,"DFG","European Commission FP7",920,"EMBL-EBI"
"1110","Deutsche Forschungsgemeinschaft",749,"DFG","E-RARE project Hipbi-RD",877,"RPHR"
"122","Deutsche Forschungsgemeinschaft",749,"DFG","National Library of Medicine",2045,"NLM"
"131","Deutsche Forschungsgemeinschaft",749,"DFG","German chapter of the International League against Epilepsy",1135,"GCOTILAE"
"141","Deutsche Forschungsgemeinschaft",749,"DFG","The British Heart Foundation",2747,"TBHF"
"151","Deutsche Forschungsgemeinschaft",749,"DFG","The Monarch Initiative",2804,"TMI"
"161","Deutsche Forschungsgemeinschaft",749,"DFG","Forums for Integrative Phenomics, NIH",1039,"FFIPN"
"171","Deutsche Forschungsgemeinschaft",749,"DFG","NeurOmics",2141,"N"
"181","Deutsche Forschungsgemeinschaft",749,"DFG","The Jackson Laboratory",2792,"TJL"
"220","Deutsche Forschungsgemeinschaft",749,"DFG","Department of Organic Chemistry, University of Geneva, Switzerland",731,"DOOCUOGS"
"37","Deutsche Forschungsgemeinschaft",749,"DFG","National Institutes of Health",2035,"NIH"
"44","Deutsche Forschungsgemeinschaft",749,"DFG","State of Geneva, Switzerland",2634,"SOGS"
"54","Deutsche Forschungsgemeinschaft",749,"DFG","Swiss National Science Foundation",2684,"SNSF"
"221","Deutsche Forschungsgemeinschaft",749,"DFG","coli-conc Project, Verbundzentrale des GBV (VZG), Gottingen, Germany",550,"VZG"
"222","Deutsche Forschungsgemeinschaft",749,"DFG","European Science Foundation (ESF)",954,"ESF"
"126","Deutsche Forschungsgemeinschaft",749,"DFG","State Museums of Natural History Karlsruhe (SMNK), Germany",2633,"SMNK"
"38","Deutsche Forschungsgemeinschaft",749,"DFG","State Museum of Natural History Stuttgart (SMNS), Germany",2632,"SMNS"
"55","Deutsche Forschungsgemeinschaft",749,"DFG","Zoological Research Museum Alexander Koenig (ZFMK), Bonn, Germany",3279,"ZFMK"
"64","Deutsche Forschungsgemeinschaft",749,"DFG","Botanic Garden and Botanical Museum Berlin-Dahlem (BGBM), Germany",302,"BGBM"
"127","Deutsche Forschungsgemeinschaft",749,"DFG","The Biotechnology Center (BIOTEC), Technische Universitat Dresden, Dresden, Germany",2746,"BIOTEC"
"224","Deutsche Forschungsgemeinschaft",749,"DFG","European Commission FP6",919,"ECF"
"46","Deutsche Forschungsgemeinschaft",749,"DFG","Novo Nordisk Foundation Center for Protein Research (CPR), Denmark",2196,"CPR"
"65","Deutsche Forschungsgemeinschaft",749,"DFG","European Molecular Biology Organization",943,"EMBO"
"226","Deutsche Forschungsgemeinschaft",749,"DFG","Institute of Microbiology and Genetics, Georg-August-Universitat Gottingen",1127,"IOMAGGAUG"
"130","Deutsche Forschungsgemeinschaft",749,"DFG","Cell Networks, University of Heidelberg, Heidelberg, Germany",398,"CNUOHHG"
"132","Deutsche Forschungsgemeinschaft",749,"DFG","Charite - University Medicine Berlin",494,"CUMB"
"229","Deutsche Forschungsgemeinschaft",749,"DFG","Deutsches Krebsforschungszentrum",756,"DK"
"134","Deutsche Forschungsgemeinschaft",749,"DFG","FAIRDOM",992,"F"
"230","Deutsche Forschungsgemeinschaft",749,"DFG","German Network for Bioinformatics Infrastructure (de.NBI), Germany",1142,"BMBF"
"312","Deutsche Forschungsgemeinschaft",749,"DFG","Heidelberg Institute for Theoretical Studies (HITS), Heidelberg, Germany",1231,"HITS"
"57","Deutsche Forschungsgemeinschaft",749,"DFG","Klaus Tschira Foundation, Heidelberg, Germany",1641,"KTFHG"
"135","Deutsche Forschungsgemeinschaft",749,"DFG","Alfred Wegener Institute, Helmholtz Center for Polar and Marine Research",56,"AWI"
"313","Deutsche Forschungsgemeinschaft",749,"DFG","Center for Marine Environmental Sciences (MARUM), University of Bremen, Bremen, Germany",427,"MARUM"
"48","Deutsche Forschungsgemeinschaft",749,"DFG","International Ocean Discovery Program (IODP), San Diego, CA, USA",1505,"IODP"
"136","Deutsche Forschungsgemeinschaft",749,"DFG","Baden-Württemberg Ministry for Science, Research and Art",158,"BWMFSRAA"
"232","Deutsche Forschungsgemeinschaft",749,"DFG","National Geographic Society, Washington DC, USA",1992,"NGS"
"314","Deutsche Forschungsgemeinschaft",749,"DFG","National Science Foundation",2071,"NSF"
"49","Deutsche Forschungsgemeinschaft",749,"DFG","Max Planck Institute of Animal Behavior",1792,"MPIOAB"
"59","Deutsche Forschungsgemeinschaft",749,"DFG","University of Konstanz Communication, Information, Media Centre",3074,"UOKCIMC"
"68","Deutsche Forschungsgemeinschaft",749,"DFG","FAIRsFAIR (European Union’s Horizon 2020 Project)",994,"European Union’s Horizon 2020 Project"
"137","Deutsche Forschungsgemeinschaft",749,"DFG","Biodiversity and Ecoinformatics, Department of Mycology, University of Bayreuth",3019,"BAEDOMUOB"
"138","Deutsche Forschungsgemeinschaft",749,"DFG","Friedrich Schiller University Jena",1064,"FSUJ"
"139","Deutsche Forschungsgemeinschaft",749,"DFG","University of Cologne, Germany",3043,"UOCG"
"140","Deutsche Forschungsgemeinschaft",749,"DFG","Institute of Atmospheric Physics, German Aerospace Center, Germany",1399,"IOAPGACG"
"236","Deutsche Forschungsgemeinschaft",749,"DFG","Tropopause (TOP), Institute of Meteorology and Climate Research, Karlsruhe Institute of Technology, Eggenstein-Leopoldshafen, Germany",2875,"TOP"
"143","Deutsche Forschungsgemeinschaft",749,"DFG","SED-ML editors",2539,"SME"
"238","Deutsche Forschungsgemeinschaft",749,"DFG","VPH-Share Project",3196,"VSP"
"411","Deutsche Forschungsgemeinschaft",749,"DFG","National Institute of General Medical Sciences",2018,"NIGMS"
"510","Deutsche Forschungsgemeinschaft",749,"DFG","COmputational Modeling in BIology NEtwork (COMBINE)",584,"COMBINE"
"74","Deutsche Forschungsgemeinschaft",749,"DFG","Maurice Wilkins Center for Molecular Biodiscovery, Auckland, New Zealand",1775,"MWCFMBANZ"
"81","Deutsche Forschungsgemeinschaft",749,"DFG","Biotechnology and Biological Sciences Research Council",278,"BBSRC"
"239","Deutsche Forschungsgemeinschaft",749,"DFG","University of Heidelberg, Germany",3062,"UOHG"
"412","Deutsche Forschungsgemeinschaft",749,"DFG","Pro-iBiosphere project, European Commission FP7",2368,"PIPECF"
"511","Deutsche Forschungsgemeinschaft",749,"DFG","European Plant Phenotyping Network, European Commission FP7",2333,"EPPN"
"147","Deutsche Forschungsgemeinschaft",749,"DFG","Jacobs University gGmbH, Bremen, Germany",1580,"JUGBG"
"414","Deutsche Forschungsgemeinschaft",749,"DFG","Max Planck Institute for Marine Microbiology (MPIMM), Bremen, Germany",1787,"MPIMM"
"148","Deutsche Forschungsgemeinschaft",749,"DFG","BioTop Administrators",280,"BA"
"149","Deutsche Forschungsgemeinschaft",749,"DFG","Austrian Science Fund (FWF), Austria",154,"FWF"
"150","Deutsche Forschungsgemeinschaft",749,"DFG","TemaTres",2730,"T"
"245","Deutsche Forschungsgemeinschaft",749,"DFG","Data Archiving and Networked Services (DANS), Den Hagg, Netherlands",644,"DANS"
"415","Deutsche Forschungsgemeinschaft",749,"DFG","International Society for Knowledge Organization (ISKO)",1519,"ISKO"
"514","Deutsche Forschungsgemeinschaft",749,"DFG","UK Data Archive",2895,"UDA"
"75","Deutsche Forschungsgemeinschaft",749,"DFG","Hansung University",3403,"HU"
"152","State Museum of Natural History Stuttgart (SMNS), Germany",2632,"SMNS","Deutsche Forschungsgemeinschaft",749,"DFG"
"153","State Museum of Natural History Stuttgart (SMNS), Germany",2632,"SMNS","State Museums of Natural History Karlsruhe (SMNK), Germany",2633,"SMNK"
"416","State Museum of Natural History Stuttgart (SMNS), Germany",2632,"SMNS","Bavarian Natural History Collections, SNSB IT Center, Germany",174,"BNHCSICG"
"515","State Museum of Natural History Stuttgart (SMNS), Germany",2632,"SMNS","Zoological Research Museum Alexander Koenig (ZFMK), Bonn, Germany",3279,"ZFMK"
"612","State Museum of Natural History Stuttgart (SMNS), Germany",2632,"SMNS","Botanic Garden and Botanical Museum Berlin-Dahlem (BGBM), Germany",302,"BGBM"
"154","Bavarian Natural History Collections, SNSB IT Center, Germany",174,"BNHCSICG","Biodiversity and Ecoinformatics, Department of Mycology, University of Bayreuth",3019,"BAEDOMUOB"
"323","Bavarian Natural History Collections, SNSB IT Center, Germany",174,"BNHCSICG","Deutsche Forschungsgemeinschaft",749,"DFG"
"417","Bavarian Natural History Collections, SNSB IT Center, Germany",174,"BNHCSICG","Federal Ministry of Education and Research",333,"BMBF"
"249","Bavarian Natural History Collections, SNSB IT Center, Germany",174,"BNHCSICG","SNSB, Botanische Staatssammlung Muenchen, Germany",2582,"SBSMG"
"418","Bavarian Natural History Collections, SNSB IT Center, Germany",174,"BNHCSICG","Faculty of Biology, Ludwig-Maximilians-University Munich",1731,"FOBLMUM"
"516","Bavarian Natural History Collections, SNSB IT Center, Germany",174,"BNHCSICG","Department of Mycology, University of Bayreuth",3020,"DOMUOB"
"157","Bavarian Natural History Collections, SNSB IT Center, Germany",174,"BNHCSICG","State Museums of Natural History Karlsruhe (SMNK), Germany",2633,"SMNK"
"325","Bavarian Natural History Collections, SNSB IT Center, Germany",174,"BNHCSICG","State Museum of Natural History Stuttgart (SMNS), Germany",2632,"SMNS"
"517","Bavarian Natural History Collections, SNSB IT Center, Germany",174,"BNHCSICG","Zoological Research Museum Alexander Koenig (ZFMK), Bonn, Germany",3279,"ZFMK"
"614","Bavarian Natural History Collections, SNSB IT Center, Germany",174,"BNHCSICG","Botanic Garden and Botanical Museum Berlin-Dahlem (BGBM), Germany",302,"BGBM"
"158","Bavarian Natural History Collections, SNSB IT Center, Germany",174,"BNHCSICG","Jacobs University gGmbH, Bremen, Germany",1580,"JUGBG"
"420","Bavarian Natural History Collections, SNSB IT Center, Germany",174,"BNHCSICG","Max Planck Institute for Marine Microbiology (MPIMM), Bremen, Germany",1787,"MPIMM"
"159","Zoological Research Museum Alexander Koenig (ZFMK), Bonn, Germany",3279,"ZFMK","State Museums of Natural History Karlsruhe (SMNK), Germany",2633,"SMNK"
"253","Zoological Research Museum Alexander Koenig (ZFMK), Bonn, Germany",3279,"ZFMK","Deutsche Forschungsgemeinschaft",749,"DFG"
"327","Zoological Research Museum Alexander Koenig (ZFMK), Bonn, Germany",3279,"ZFMK","State Museum of Natural History Stuttgart (SMNS), Germany",2632,"SMNS"
"421","Zoological Research Museum Alexander Koenig (ZFMK), Bonn, Germany",3279,"ZFMK","Bavarian Natural History Collections, SNSB IT Center, Germany",174,"BNHCSICG"
"616","Zoological Research Museum Alexander Koenig (ZFMK), Bonn, Germany",3279,"ZFMK","Botanic Garden and Botanical Museum Berlin-Dahlem (BGBM), Germany",302,"BGBM"
"254","Friedrich Schiller University Jena",1064,"FSUJ","Naturhistorisches Musuem Wien",2104,"NMW"
"328","Friedrich Schiller University Jena",1064,"FSUJ","Botanic Garden and Botanical Museum Berlin-Dahlem (BGBM), Germany",302,"BGBM"
"422","Friedrich Schiller University Jena",1064,"FSUJ","Austrian Academy of Sciences",152,"AAOS"
"520","Friedrich Schiller University Jena",1064,"FSUJ","Department of Microbiology and Ecosystem Science, University of Vienna",3146,"DOMAESUOV"
"255","Friedrich Schiller University Jena",1064,"FSUJ","Deutsche Forschungsgemeinschaft",749,"DFG"
"163","Naturhistorisches Musuem Wien",2104,"NMW","Friedrich Schiller University Jena",1064,"FSUJ"
"329","Naturhistorisches Musuem Wien",2104,"NMW","Botanic Garden and Botanical Museum Berlin-Dahlem (BGBM), Germany",302,"BGBM"
"423","Naturhistorisches Musuem Wien",2104,"NMW","Austrian Academy of Sciences",152,"AAOS"
"521","Naturhistorisches Musuem Wien",2104,"NMW","Department of Microbiology and Ecosystem Science, University of Vienna",3146,"DOMAESUOV"
"164","Austrian Academy of Sciences",152,"AAOS","Friedrich Schiller University Jena",1064,"FSUJ"
"257","Austrian Academy of Sciences",152,"AAOS","Naturhistorisches Musuem Wien",2104,"NMW"
"330","Austrian Academy of Sciences",152,"AAOS","Botanic Garden and Botanical Museum Berlin-Dahlem (BGBM), Germany",302,"BGBM"
"522","Austrian Academy of Sciences",152,"AAOS","Department of Microbiology and Ecosystem Science, University of Vienna",3146,"DOMAESUOV"
"166","Department of Microbiology and Ecosystem Science, University of Vienna",3146,"DOMAESUOV","Friedrich Schiller University Jena",1064,"FSUJ"
"258","Department of Microbiology and Ecosystem Science, University of Vienna",3146,"DOMAESUOV","Naturhistorisches Musuem Wien",2104,"NMW"
"331","Department of Microbiology and Ecosystem Science, University of Vienna",3146,"DOMAESUOV","Botanic Garden and Botanical Museum Berlin-Dahlem (BGBM), Germany",302,"BGBM"
"425","Department of Microbiology and Ecosystem Science, University of Vienna",3146,"DOMAESUOV","Austrian Academy of Sciences",152,"AAOS"
"259","European Organisation for Nuclear Research (CERN), Geneva, Switzerland",947,"CERN","Institute for Particle Physics Phenomenology (IPPP), Durham University, UK",1390,"IPPP"
"332","European Organisation for Nuclear Research (CERN), Geneva, Switzerland",947,"CERN","Science and Technology Facilities Council (STFC), UK",2519,"STFC"
"168","European Organisation for Nuclear Research (CERN), Geneva, Switzerland",947,"CERN","OpenAIRE",2252,"O"
"260","European Organisation for Nuclear Research (CERN), Geneva, Switzerland",947,"CERN","European Commission",915,"EC"
"169","European Organisation for Nuclear Research (CERN), Geneva, Switzerland",947,"CERN","European Bioinformatics Institute, Wellcome Genome Campus",908,"EMBL-EBI"
"261","European Organisation for Nuclear Research (CERN), Geneva, Switzerland",947,"CERN","Swiss National Science Foundation",2684,"SNSF"
"334","European Organisation for Nuclear Research (CERN), Geneva, Switzerland",947,"CERN","Species 2000 Secretariat, Naturalis Biodiversity Center, Leiden, The Netherlands",2614,"SSNBCLTN"
"426","European Organisation for Nuclear Research (CERN), Geneva, Switzerland",947,"CERN","TDWG Consortium",2712,"TC"
"524","European Organisation for Nuclear Research (CERN), Geneva, Switzerland",947,"CERN","Swiss Institute of Bioinformatics",2682,"SIB"
"76","European Organisation for Nuclear Research (CERN), Geneva, Switzerland",947,"CERN","India Alliance DBT Wellcome",1325,"IADW"
"82","European Organisation for Nuclear Research (CERN), Geneva, Switzerland",947,"CERN","Medical Research Council",1812,"MRC"
"93","European Organisation for Nuclear Research (CERN), Geneva, Switzerland",947,"CERN","MS Society",1908,"MS"
"103","European Organisation for Nuclear Research (CERN), Geneva, Switzerland",947,"CERN","Worldwide Cancer Research",3259,"WCR"
"1111","European Organisation for Nuclear Research (CERN), Geneva, Switzerland",947,"CERN","Global Biodiversity Information Facility",1166,"GBIF"
"1210","European Organisation for Nuclear Research (CERN), Geneva, Switzerland",947,"CERN","Cancer Research UK Manchester Institute",368,"CRUMI"
"1310","European Organisation for Nuclear Research (CERN), Geneva, Switzerland",947,"CERN","The Dunhill Medical Trust",2766,"TDMT"
"1410","European Organisation for Nuclear Research (CERN), Geneva, Switzerland",947,"CERN","Telethon Foundation",2727,"Fondazione Telethon"
"1510","European Organisation for Nuclear Research (CERN), Geneva, Switzerland",947,"CERN","Blood Cancer UK",287,"BCU"
"1610","European Organisation for Nuclear Research (CERN), Geneva, Switzerland",947,"CERN","Chief Scientist Office",503,"CSO"
"172","European Organisation for Nuclear Research (CERN), Geneva, Switzerland",947,"CERN","Motor Neuron Disease Association",1899,"MNDA"
"182","European Organisation for Nuclear Research (CERN), Geneva, Switzerland",947,"CERN","Prostate Cancer UK",2373,"PCU"
"192","European Organisation for Nuclear Research (CERN), Geneva, Switzerland",947,"CERN","Austrian Science Fund (FWF), Austria",154,"FWF"
"201","European Organisation for Nuclear Research (CERN), Geneva, Switzerland",947,"CERN","Action on Hearing Loss",21,"AOHL"
"2110","European Organisation for Nuclear Research (CERN), Geneva, Switzerland",947,"CERN","The Academy of Medical Sciences",2741,"TAOMS"
"2210","European Organisation for Nuclear Research (CERN), Geneva, Switzerland",947,"CERN","Parkinson's Disease UK (PDUK)",2290,"PDUK"
"2310","European Organisation for Nuclear Research (CERN), Geneva, Switzerland",947,"CERN","Breast Cancer Now",307,"BCN"
"2410","European Organisation for Nuclear Research (CERN), Geneva, Switzerland",947,"CERN","Arthritis Research UK",115,"ARU"
"2510","European Organisation for Nuclear Research (CERN), Geneva, Switzerland",947,"CERN","National Centre for the Replacement, Refinement and Reduction of Animals in Research (NC3Rs), London, UK",1975,"NC3Rs"
"262","European Organisation for Nuclear Research (CERN), Geneva, Switzerland",947,"CERN","World Health Organization (WHO)",3252,"WHO"
"271","European Organisation for Nuclear Research (CERN), Geneva, Switzerland",947,"CERN","National Institute for Health Research",2003,"NIHR"
"281","European Organisation for Nuclear Research (CERN), Geneva, Switzerland",947,"CERN","Myrovlytis Trust",1924,"MT"
"291","European Organisation for Nuclear Research (CERN), Geneva, Switzerland",947,"CERN","Diabetes UK",757,"DU"
"30","European Organisation for Nuclear Research (CERN), Geneva, Switzerland",947,"CERN","The British Heart Foundation",2747,"TBHF"
"3110","European Organisation for Nuclear Research (CERN), Geneva, Switzerland",947,"CERN","The European Research Council (ERC)",2772,"ERC"
"3210","European Organisation for Nuclear Research (CERN), Geneva, Switzerland",947,"CERN","Alzheimers Society",67,"AS"
"335","European Organisation for Nuclear Research (CERN), Geneva, Switzerland",947,"CERN","The Wellcome Trust",2854,"TWT"
"341","European Organisation for Nuclear Research (CERN), Geneva, Switzerland",947,"CERN","Biotechnology and Biological Sciences Research Council",278,"BBSRC"
"351","European Organisation for Nuclear Research (CERN), Geneva, Switzerland",947,"CERN","Marie Curie",1752,"MC"
"170","European Organisation for Nuclear Research (CERN), Geneva, Switzerland",947,"CERN","Arcadia",3441,"A"
"263","European Organisation for Nuclear Research (CERN), Geneva, Switzerland",947,"CERN","Plazi",3378,"P"
"427","European Organisation for Nuclear Research (CERN), Geneva, Switzerland",947,"CERN","Pensoft Publishers",2305,"PP"
"428","European Organisation for Nuclear Research (CERN), Geneva, Switzerland",947,"CERN","Naturalis Biodiversity Center",2094,"NBC"
"618","European Organisation for Nuclear Research (CERN), Geneva, Switzerland",947,"CERN","University of Tartu, Estonia",3132,"UOTE"
"83","European Organisation for Nuclear Research (CERN), Geneva, Switzerland",947,"CERN","LifeWatch ERIC",1717,"LE"
"94","European Organisation for Nuclear Research (CERN), Geneva, Switzerland",947,"CERN","Consortium of European Taxonomic Facilities",3380,"CETAF"
"104","European Organisation for Nuclear Research (CERN), Geneva, Switzerland",947,"CERN","Meise Botanic Garden",3379,"c(""Plantentuin Meise"", ""MBG"")"
"1112","European Organisation for Nuclear Research (CERN), Geneva, Switzerland",947,"CERN","Botanic Garden and Botanical Museum Berlin-Dahlem (BGBM), Germany",302,"BGBM"
"1411","European Organisation for Nuclear Research (CERN), Geneva, Switzerland",947,"CERN","Stichting TDWG Europe",3385,"STE"
"174","Plazi",3378,"P","Arcadia",3441,"A"
"338","Plazi",3378,"P","European Organisation for Nuclear Research (CERN), Geneva, Switzerland",947,"CERN"
"429","Plazi",3378,"P","Pensoft Publishers",2305,"PP"
"430","Plazi",3378,"P","Naturalis Biodiversity Center",2094,"NBC"
"526","Plazi",3378,"P","Species 2000 Secretariat, Naturalis Biodiversity Center, Leiden, The Netherlands",2614,"SSNBCLTN"
"619","Plazi",3378,"P","University of Tartu, Estonia",3132,"UOTE"
"78","Plazi",3378,"P","Global Biodiversity Information Facility",1166,"GBIF"
"84","Plazi",3378,"P","LifeWatch ERIC",1717,"LE"
"95","Plazi",3378,"P","Consortium of European Taxonomic Facilities",3380,"CETAF"
"105","Plazi",3378,"P","Meise Botanic Garden",3379,"c(""Plantentuin Meise"", ""MBG"")"
"1113","Plazi",3378,"P","Botanic Garden and Botanical Museum Berlin-Dahlem (BGBM), Germany",302,"BGBM"
"1212","Plazi",3378,"P","Swiss Institute of Bioinformatics",2682,"SIB"
"1312","Plazi",3378,"P","European Bioinformatics Institute, Wellcome Genome Campus",908,"EMBL-EBI"
"1412","Plazi",3378,"P","Stichting TDWG Europe",3385,"STE"
"177","Pensoft Publishers",2305,"PP","Vizzuality",3195,"V"
"268","Pensoft Publishers",2305,"PP","Natural History Museum",2093,"NHM"
"340","Pensoft Publishers",2305,"PP","Encyclopedia of Life",860,"EOL"
"431","Pensoft Publishers",2305,"PP","EU FP7 ViBRANT",892,"EFV"
"527","Pensoft Publishers",2305,"PP","The Biodiversity Heritage Library (BHL)",2745,"BHL"
"620","Pensoft Publishers",2305,"PP","BioVeL, Europe",281,"BE"
"79","Pensoft Publishers",2305,"PP","Royal Botanic Garden, London",856,"RBGL"
"178","Pensoft Publishers",2305,"PP","European Organisation for Nuclear Research (CERN), Geneva, Switzerland",947,"CERN"
"269","Pensoft Publishers",2305,"PP","Plazi",3378,"P"
"432","Pensoft Publishers",2305,"PP","Naturalis Biodiversity Center",2094,"NBC"
"528","Pensoft Publishers",2305,"PP","Species 2000 Secretariat, Naturalis Biodiversity Center, Leiden, The Netherlands",2614,"SSNBCLTN"
"621","Pensoft Publishers",2305,"PP","University of Tartu, Estonia",3132,"UOTE"
"710","Pensoft Publishers",2305,"PP","Global Biodiversity Information Facility",1166,"GBIF"
"86","Pensoft Publishers",2305,"PP","LifeWatch ERIC",1717,"LE"
"96","Pensoft Publishers",2305,"PP","Consortium of European Taxonomic Facilities",3380,"CETAF"
"106","Pensoft Publishers",2305,"PP","Meise Botanic Garden",3379,"c(""Plantentuin Meise"", ""MBG"")"
"1114","Pensoft Publishers",2305,"PP","Botanic Garden and Botanical Museum Berlin-Dahlem (BGBM), Germany",302,"BGBM"
"1213","Pensoft Publishers",2305,"PP","Swiss Institute of Bioinformatics",2682,"SIB"
"1313","Pensoft Publishers",2305,"PP","European Bioinformatics Institute, Wellcome Genome Campus",908,"EMBL-EBI"
"1413","Pensoft Publishers",2305,"PP","Stichting TDWG Europe",3385,"STE"
"179","Pensoft Publishers",2305,"PP","Arcadia",3441,"A"
"272","Naturalis Biodiversity Center",2094,"NBC","National Science Foundation",2071,"NSF"
"344","Naturalis Biodiversity Center",2094,"NBC","Cyberinfrastructure for Phylogenetic Research",628,"CFPR"
"184","Naturalis Biodiversity Center",2094,"NBC","European Organisation for Nuclear Research (CERN), Geneva, Switzerland",947,"CERN"
"273","Naturalis Biodiversity Center",2094,"NBC","Plazi",3378,"P"
"345","Naturalis Biodiversity Center",2094,"NBC","Pensoft Publishers",2305,"PP"
"529","Naturalis Biodiversity Center",2094,"NBC","Species 2000 Secretariat, Naturalis Biodiversity Center, Leiden, The Netherlands",2614,"SSNBCLTN"
"622","Naturalis Biodiversity Center",2094,"NBC","University of Tartu, Estonia",3132,"UOTE"
"711","Naturalis Biodiversity Center",2094,"NBC","Global Biodiversity Information Facility",1166,"GBIF"
"87","Naturalis Biodiversity Center",2094,"NBC","LifeWatch ERIC",1717,"LE"
"97","Naturalis Biodiversity Center",2094,"NBC","Consortium of European Taxonomic Facilities",3380,"CETAF"
"107","Naturalis Biodiversity Center",2094,"NBC","Meise Botanic Garden",3379,"c(""Plantentuin Meise"", ""MBG"")"
"1115","Naturalis Biodiversity Center",2094,"NBC","Botanic Garden and Botanical Museum Berlin-Dahlem (BGBM), Germany",302,"BGBM"
"1214","Naturalis Biodiversity Center",2094,"NBC","Swiss Institute of Bioinformatics",2682,"SIB"
"1314","Naturalis Biodiversity Center",2094,"NBC","European Bioinformatics Institute, Wellcome Genome Campus",908,"EMBL-EBI"
"1414","Naturalis Biodiversity Center",2094,"NBC","Stichting TDWG Europe",3385,"STE"
"185","Naturalis Biodiversity Center",2094,"NBC","European Union (EU)",960,"EU"
"186","Species 2000 Secretariat, Naturalis Biodiversity Center, Leiden, The Netherlands",2614,"SSNBCLTN","European Bioinformatics Institute, Wellcome Genome Campus",908,"EMBL-EBI"
"275","Species 2000 Secretariat, Naturalis Biodiversity Center, Leiden, The Netherlands",2614,"SSNBCLTN","Swiss National Science Foundation",2684,"SNSF"
"435","Species 2000 Secretariat, Naturalis Biodiversity Center, Leiden, The Netherlands",2614,"SSNBCLTN","TDWG Consortium",2712,"TC"
"530","Species 2000 Secretariat, Naturalis Biodiversity Center, Leiden, The Netherlands",2614,"SSNBCLTN","Swiss Institute of Bioinformatics",2682,"SIB"
"623","Species 2000 Secretariat, Naturalis Biodiversity Center, Leiden, The Netherlands",2614,"SSNBCLTN","European Organisation for Nuclear Research (CERN), Geneva, Switzerland",947,"CERN"
"712","Species 2000 Secretariat, Naturalis Biodiversity Center, Leiden, The Netherlands",2614,"SSNBCLTN","India Alliance DBT Wellcome",1325,"IADW"
"88","Species 2000 Secretariat, Naturalis Biodiversity Center, Leiden, The Netherlands",2614,"SSNBCLTN","Medical Research Council",1812,"MRC"
"98","Species 2000 Secretariat, Naturalis Biodiversity Center, Leiden, The Netherlands",2614,"SSNBCLTN","MS Society",1908,"MS"
"108","Species 2000 Secretariat, Naturalis Biodiversity Center, Leiden, The Netherlands",2614,"SSNBCLTN","Worldwide Cancer Research",3259,"WCR"
"1116","Species 2000 Secretariat, Naturalis Biodiversity Center, Leiden, The Netherlands",2614,"SSNBCLTN","Global Biodiversity Information Facility",1166,"GBIF"
"1215","Species 2000 Secretariat, Naturalis Biodiversity Center, Leiden, The Netherlands",2614,"SSNBCLTN","Cancer Research UK Manchester Institute",368,"CRUMI"
"1315","Species 2000 Secretariat, Naturalis Biodiversity Center, Leiden, The Netherlands",2614,"SSNBCLTN","The Dunhill Medical Trust",2766,"TDMT"
"1415","Species 2000 Secretariat, Naturalis Biodiversity Center, Leiden, The Netherlands",2614,"SSNBCLTN","Telethon Foundation",2727,"Fondazione Telethon"
"1511","Species 2000 Secretariat, Naturalis Biodiversity Center, Leiden, The Netherlands",2614,"SSNBCLTN","Blood Cancer UK",287,"BCU"
"1611","Species 2000 Secretariat, Naturalis Biodiversity Center, Leiden, The Netherlands",2614,"SSNBCLTN","Chief Scientist Office",503,"CSO"
"1710","Species 2000 Secretariat, Naturalis Biodiversity Center, Leiden, The Netherlands",2614,"SSNBCLTN","Motor Neuron Disease Association",1899,"MNDA"
"187","Species 2000 Secretariat, Naturalis Biodiversity Center, Leiden, The Netherlands",2614,"SSNBCLTN","Prostate Cancer UK",2373,"PCU"
"193","Species 2000 Secretariat, Naturalis Biodiversity Center, Leiden, The Netherlands",2614,"SSNBCLTN","Austrian Science Fund (FWF), Austria",154,"FWF"
"202","Species 2000 Secretariat, Naturalis Biodiversity Center, Leiden, The Netherlands",2614,"SSNBCLTN","Action on Hearing Loss",21,"AOHL"
"2111","Species 2000 Secretariat, Naturalis Biodiversity Center, Leiden, The Netherlands",2614,"SSNBCLTN","The Academy of Medical Sciences",2741,"TAOMS"
"2211","Species 2000 Secretariat, Naturalis Biodiversity Center, Leiden, The Netherlands",2614,"SSNBCLTN","Parkinson's Disease UK (PDUK)",2290,"PDUK"
"2311","Species 2000 Secretariat, Naturalis Biodiversity Center, Leiden, The Netherlands",2614,"SSNBCLTN","Breast Cancer Now",307,"BCN"
"2411","Species 2000 Secretariat, Naturalis Biodiversity Center, Leiden, The Netherlands",2614,"SSNBCLTN","Arthritis Research UK",115,"ARU"
"2511","Species 2000 Secretariat, Naturalis Biodiversity Center, Leiden, The Netherlands",2614,"SSNBCLTN","National Centre for the Replacement, Refinement and Reduction of Animals in Research (NC3Rs), London, UK",1975,"NC3Rs"
"2610","Species 2000 Secretariat, Naturalis Biodiversity Center, Leiden, The Netherlands",2614,"SSNBCLTN","World Health Organization (WHO)",3252,"WHO"
"276","Species 2000 Secretariat, Naturalis Biodiversity Center, Leiden, The Netherlands",2614,"SSNBCLTN","National Institute for Health Research",2003,"NIHR"
"282","Species 2000 Secretariat, Naturalis Biodiversity Center, Leiden, The Netherlands",2614,"SSNBCLTN","Myrovlytis Trust",1924,"MT"
"292","Species 2000 Secretariat, Naturalis Biodiversity Center, Leiden, The Netherlands",2614,"SSNBCLTN","Diabetes UK",757,"DU"
"301","Species 2000 Secretariat, Naturalis Biodiversity Center, Leiden, The Netherlands",2614,"SSNBCLTN","The British Heart Foundation",2747,"TBHF"
"3111","Species 2000 Secretariat, Naturalis Biodiversity Center, Leiden, The Netherlands",2614,"SSNBCLTN","The European Research Council (ERC)",2772,"ERC"
"3211","Species 2000 Secretariat, Naturalis Biodiversity Center, Leiden, The Netherlands",2614,"SSNBCLTN","Alzheimers Society",67,"AS"
"3310","Species 2000 Secretariat, Naturalis Biodiversity Center, Leiden, The Netherlands",2614,"SSNBCLTN","The Wellcome Trust",2854,"TWT"
"348","Species 2000 Secretariat, Naturalis Biodiversity Center, Leiden, The Netherlands",2614,"SSNBCLTN","Biotechnology and Biological Sciences Research Council",278,"BBSRC"
"352","Species 2000 Secretariat, Naturalis Biodiversity Center, Leiden, The Netherlands",2614,"SSNBCLTN","Marie Curie",1752,"MC"
"277","Species 2000 Secretariat, Naturalis Biodiversity Center, Leiden, The Netherlands",2614,"SSNBCLTN","Plazi",3378,"P"
"349","Species 2000 Secretariat, Naturalis Biodiversity Center, Leiden, The Netherlands",2614,"SSNBCLTN","Pensoft Publishers",2305,"PP"
"436","Species 2000 Secretariat, Naturalis Biodiversity Center, Leiden, The Netherlands",2614,"SSNBCLTN","Naturalis Biodiversity Center",2094,"NBC"
"624","Species 2000 Secretariat, Naturalis Biodiversity Center, Leiden, The Netherlands",2614,"SSNBCLTN","University of Tartu, Estonia",3132,"UOTE"
"89","Species 2000 Secretariat, Naturalis Biodiversity Center, Leiden, The Netherlands",2614,"SSNBCLTN","LifeWatch ERIC",1717,"LE"
"99","Species 2000 Secretariat, Naturalis Biodiversity Center, Leiden, The Netherlands",2614,"SSNBCLTN","Consortium of European Taxonomic Facilities",3380,"CETAF"
"109","Species 2000 Secretariat, Naturalis Biodiversity Center, Leiden, The Netherlands",2614,"SSNBCLTN","Meise Botanic Garden",3379,"c(""Plantentuin Meise"", ""MBG"")"
"1117","Species 2000 Secretariat, Naturalis Biodiversity Center, Leiden, The Netherlands",2614,"SSNBCLTN","Botanic Garden and Botanical Museum Berlin-Dahlem (BGBM), Germany",302,"BGBM"
"1416","Species 2000 Secretariat, Naturalis Biodiversity Center, Leiden, The Netherlands",2614,"SSNBCLTN","Stichting TDWG Europe",3385,"STE"
"279","Species 2000 Secretariat, Naturalis Biodiversity Center, Leiden, The Netherlands",2614,"SSNBCLTN","Biodiversity Institute of Ontario, University of Guelph, Guelph, ON, Canada",229,"BIOOUOGGOC"
"437","Species 2000 Secretariat, Naturalis Biodiversity Center, Leiden, The Netherlands",2614,"SSNBCLTN","International Barcode of Life",3476,"IBOL"
"532","Species 2000 Secretariat, Naturalis Biodiversity Center, Leiden, The Netherlands",2614,"SSNBCLTN","Government of Ontario",3478,"GOO"
"625","Species 2000 Secretariat, Naturalis Biodiversity Center, Leiden, The Netherlands",2614,"SSNBCLTN","Canada First Research Excellence Fund",3477,"CFREF"
"714","Species 2000 Secretariat, Naturalis Biodiversity Center, Leiden, The Netherlands",2614,"SSNBCLTN","Canada Foundation for Innovation",354,"CFFI"
"810","Species 2000 Secretariat, Naturalis Biodiversity Center, Leiden, The Netherlands",2614,"SSNBCLTN","Natural Sciences and Engineering Research Council of Canada",2101,"NSERC"
"195","Species 2000 Secretariat, Naturalis Biodiversity Center, Leiden, The Netherlands",2614,"SSNBCLTN","European Union (EU)",960,"EU"
"197","University of Tartu, Estonia",3132,"UOTE","DataCite",647,"D"
"198","University of Tartu, Estonia",3132,"UOTE","European Organisation for Nuclear Research (CERN), Geneva, Switzerland",947,"CERN"
"285","University of Tartu, Estonia",3132,"UOTE","Plazi",3378,"P"
"354","University of Tartu, Estonia",3132,"UOTE","Pensoft Publishers",2305,"PP"
"438","University of Tartu, Estonia",3132,"UOTE","Naturalis Biodiversity Center",2094,"NBC"
"533","University of Tartu, Estonia",3132,"UOTE","Species 2000 Secretariat, Naturalis Biodiversity Center, Leiden, The Netherlands",2614,"SSNBCLTN"
"715","University of Tartu, Estonia",3132,"UOTE","Global Biodiversity Information Facility",1166,"GBIF"
"811","University of Tartu, Estonia",3132,"UOTE","LifeWatch ERIC",1717,"LE"
"910","University of Tartu, Estonia",3132,"UOTE","Consortium of European Taxonomic Facilities",3380,"CETAF"
"1010","University of Tartu, Estonia",3132,"UOTE","Meise Botanic Garden",3379,"c(""Plantentuin Meise"", ""MBG"")"
"1118","University of Tartu, Estonia",3132,"UOTE","Botanic Garden and Botanical Museum Berlin-Dahlem (BGBM), Germany",302,"BGBM"
"1217","University of Tartu, Estonia",3132,"UOTE","Swiss Institute of Bioinformatics",2682,"SIB"
"1317","University of Tartu, Estonia",3132,"UOTE","European Bioinformatics Institute, Wellcome Genome Campus",908,"EMBL-EBI"
"1417","University of Tartu, Estonia",3132,"UOTE","Stichting TDWG Europe",3385,"STE"
"286","Global Biodiversity Information Facility",1166,"GBIF","SiB Colombia",2564,"SC"
"355","Global Biodiversity Information Facility",1166,"GBIF","Instituto Humboldt (IAvH), Bogota, Colombia",1452,"IAvH"
"1100","Global Biodiversity Information Facility",1166,"GBIF","Marine Environmental Data and Information Network",1761,"MEDAIN"
"287","Global Biodiversity Information Facility",1166,"GBIF","LifeWatch Belgium",1716,"LB"
"356","Global Biodiversity Information Facility",1166,"GBIF","Pan-European Species directories Infrastructure",2289,"PESDI"
"439","Global Biodiversity Information Facility",1166,"GBIF","4D4Life project, Species 2000",8,"PS"
"627","Global Biodiversity Information Facility",1166,"GBIF","EMODnet Biology",855,"EB"
"716","Global Biodiversity Information Facility",1166,"GBIF","European Marine Biological Research Centre (EMBRC)",3338,"EMBRC"
"812","Global Biodiversity Information Facility",1166,"GBIF","The Flanders Marine Institute (VLIZ), Belgium",2777,"VLIZ"
"911","Global Biodiversity Information Facility",1166,"GBIF","Marine Biodiversity and Ecosystem Functioning EU Network of Excellence",1758,"MarBEF"
"1011","Global Biodiversity Information Facility",1166,"GBIF","Alfred P. Sloan Foundation",54,"ASF"
"1119","Global Biodiversity Information Facility",1166,"GBIF","Department of Fisheries and Oceans",710,"DOFAO"
"1101","Global Biodiversity Information Facility",1166,"GBIF","National Collaborative Research Infrastructure Strategy",1979,"NCRIS"
"357","Global Biodiversity Information Facility",1166,"GBIF","Atlas of Living Australia, Australia",132,"AOLAA"
"1102","Global Biodiversity Information Facility",1166,"GBIF","Global Biodiversity Information Facility in Spain",1167,"GBIF.ES"
"289","Global Biodiversity Information Facility",1166,"GBIF","Ministerio de Asuntos Economicos y Transformacion Digital",1852,"MDAETD"
"290","Global Biodiversity Information Facility",1166,"GBIF","Canadensys, Universite de Montreal Biodiversity Centre, Montreal, QC, Canada",357,"CUDMBCMQC"
"1104","Global Biodiversity Information Facility",1166,"GBIF","Government of Canada",1191,"GOC"
"1105","Global Biodiversity Information Facility",1166,"GBIF","VectorBase",3180,"V"
"294","Global Biodiversity Information Facility",1166,"GBIF","College of Life Sciences, University of Kwa-Zulu Natal, Durban, South Africa",557,"COLSUOKZNDSA"
"359","Global Biodiversity Information Facility",1166,"GBIF","Imperial College London, UK",1320,"ICLU"
"440","Global Biodiversity Information Facility",1166,"GBIF","University of Tennessee",3137,"UOT"
"535","Global Biodiversity Information Facility",1166,"GBIF","University of Florida, USA",3055,"UOFU"
"628","Global Biodiversity Information Facility",1166,"GBIF","Center for Global Health and Translational Science, State University of New York Upstate Medical University, Syracuse, NY, USA",421,"CFGHATSSUONYUMUSNU"
"717","Global Biodiversity Information Facility",1166,"GBIF","Florida Medical Entomology Lab, University of Florida-IFAS, Vero Beach, FL, USA",1021,"FMELUOFIVBFU"
"813","Global Biodiversity Information Facility",1166,"GBIF","Institute of Biology, University of Neuchatel, Neuchatel, Switzerland",1404,"IOBUONNS"
"912","Global Biodiversity Information Facility",1166,"GBIF","Center for Infectious Disease Dynamics, Department of Biology, The Pennsylvania State University, University Park, PA, USA",423,"CFIDDDOBTPSUUPPU"
"1012","Global Biodiversity Information Facility",1166,"GBIF","Department of Zoology, Milwaukee Public Museum, Milwaukee, WI, USA",745,"DOZMPMMWU"
"1218","Global Biodiversity Information Facility",1166,"GBIF","Centers for Disease Control and Prevention, USA",442,"CFDCAPU"
"1106","Global Biodiversity Information Facility",1166,"GBIF","University of Buffalo, NY, USA",3025,"UOBNU"
"295","Global Biodiversity Information Facility",1166,"GBIF","University of Manchester, UK",3086,"UOMU"
"360","Global Biodiversity Information Facility",1166,"GBIF","University of Arizona, United States",3013,"UOAUS"
"441","Global Biodiversity Information Facility",1166,"GBIF","Cornell University, NY, USA",614,"CUNU"
"536","Global Biodiversity Information Facility",1166,"GBIF","University of California San Diego",3033,"UC San Diego"
"629","Global Biodiversity Information Facility",1166,"GBIF","Department of Biological Sciences, Vanderbilt University, Nashville, Tennessee, United States of America",673,"DOBSVUNTUSOA"
"718","Global Biodiversity Information Facility",1166,"GBIF","University of Illinois at Urbana-Champaign, Urbana-Champaign, Illinois, USA",3068,"UOIAUCUCIU"
"814","Global Biodiversity Information Facility",1166,"GBIF","GBIF Norway",1094,"GN"
"1013","Global Biodiversity Information Facility",1166,"GBIF","Alfred Wegener Institute, Helmholtz Center for Polar and Marine Research",56,"AWI"
"1121","Global Biodiversity Information Facility",1166,"GBIF","Cyverse, United States",631,"CUS"
"1219","Global Biodiversity Information Facility",1166,"GBIF","Smithsonian National Museum of Natural History, Washington DC, USA",2579,"SNMONHWDU"
"1318","Global Biodiversity Information Facility",1166,"GBIF","California Academy of Sciences, San Francisco, CA, USA",338,"CAOSSFCU"
"1512","Global Biodiversity Information Facility",1166,"GBIF","University of California Berkeley, Berkeley, California, USA",3028,"UOCBBCU"
"1612","Global Biodiversity Information Facility",1166,"GBIF","Gonzaga University, Spokane, Washington, USA",1188,"GUSWU"
"1711","Global Biodiversity Information Facility",1166,"GBIF","Biodiversity Institute of Ontario, University of Guelph, Guelph, ON, Canada",229,"BIOOUOGGOC"
"1810","Global Biodiversity Information Facility",1166,"GBIF","National Center for Ecological Analysis and Synthesis (NCEAS), Santa Barbara, CA, USA",1961,"NCEAS"
"1910","Global Biodiversity Information Facility",1166,"GBIF","University of Colorado Boulder, USA",3044,"UOCBU"
"203","Global Biodiversity Information Facility",1166,"GBIF","Kansas State University, Manhattan, KS, USA",1622,"KU"
"296","Global Biodiversity Information Facility",1166,"GBIF","Community Research and Development Information Service",913,"CORDIS"
"297","Global Biodiversity Information Facility",1166,"GBIF","Species 2000 Secretariat, Naturalis Biodiversity Center, Leiden, The Netherlands",2614,"SSNBCLTN"
"298","Global Biodiversity Information Facility",1166,"GBIF","New York Botanical Garden",2153,"NYBG"
"1122","Global Biodiversity Information Facility",1166,"GBIF","European Bioinformatics Institute, Wellcome Genome Campus",908,"EMBL-EBI"
"299","Global Biodiversity Information Facility",1166,"GBIF","Swiss National Science Foundation",2684,"SNSF"
"442","Global Biodiversity Information Facility",1166,"GBIF","TDWG Consortium",2712,"TC"
"537","Global Biodiversity Information Facility",1166,"GBIF","Swiss Institute of Bioinformatics",2682,"SIB"
"630","Global Biodiversity Information Facility",1166,"GBIF","European Organisation for Nuclear Research (CERN), Geneva, Switzerland",947,"CERN"
"719","Global Biodiversity Information Facility",1166,"GBIF","India Alliance DBT Wellcome",1325,"IADW"
"815","Global Biodiversity Information Facility",1166,"GBIF","Medical Research Council",1812,"MRC"
"914","Global Biodiversity Information Facility",1166,"GBIF","MS Society",1908,"MS"
"1014","Global Biodiversity Information Facility",1166,"GBIF","Worldwide Cancer Research",3259,"WCR"
"1220","Global Biodiversity Information Facility",1166,"GBIF","Cancer Research UK Manchester Institute",368,"CRUMI"
"1319","Global Biodiversity Information Facility",1166,"GBIF","The Dunhill Medical Trust",2766,"TDMT"
"1419","Global Biodiversity Information Facility",1166,"GBIF","Telethon Foundation",2727,"Fondazione Telethon"
"1513","Global Biodiversity Information Facility",1166,"GBIF","Blood Cancer UK",287,"BCU"
"1613","Global Biodiversity Information Facility",1166,"GBIF","Chief Scientist Office",503,"CSO"
"1712","Global Biodiversity Information Facility",1166,"GBIF","Motor Neuron Disease Association",1899,"MNDA"
"1811","Global Biodiversity Information Facility",1166,"GBIF","Prostate Cancer UK",2373,"PCU"
"1911","Global Biodiversity Information Facility",1166,"GBIF","Austrian Science Fund (FWF), Austria",154,"FWF"
"204","Global Biodiversity Information Facility",1166,"GBIF","Action on Hearing Loss",21,"AOHL"
"2112","Global Biodiversity Information Facility",1166,"GBIF","The Academy of Medical Sciences",2741,"TAOMS"
"2212","Global Biodiversity Information Facility",1166,"GBIF","Parkinson's Disease UK (PDUK)",2290,"PDUK"
"2312","Global Biodiversity Information Facility",1166,"GBIF","Breast Cancer Now",307,"BCN"
"2412","Global Biodiversity Information Facility",1166,"GBIF","Arthritis Research UK",115,"ARU"
"2512","Global Biodiversity Information Facility",1166,"GBIF","National Centre for the Replacement, Refinement and Reduction of Animals in Research (NC3Rs), London, UK",1975,"NC3Rs"
"2611","Global Biodiversity Information Facility",1166,"GBIF","World Health Organization (WHO)",3252,"WHO"
"2710","Global Biodiversity Information Facility",1166,"GBIF","National Institute for Health Research",2003,"NIHR"
"2810","Global Biodiversity Information Facility",1166,"GBIF","Myrovlytis Trust",1924,"MT"
"2910","Global Biodiversity Information Facility",1166,"GBIF","Diabetes UK",757,"DU"
"302","Global Biodiversity Information Facility",1166,"GBIF","The British Heart Foundation",2747,"TBHF"
"3112","Global Biodiversity Information Facility",1166,"GBIF","The European Research Council (ERC)",2772,"ERC"
"3212","Global Biodiversity Information Facility",1166,"GBIF","Alzheimers Society",67,"AS"
"3311","Global Biodiversity Information Facility",1166,"GBIF","The Wellcome Trust",2854,"TWT"
"3410","Global Biodiversity Information Facility",1166,"GBIF","Biotechnology and Biological Sciences Research Council",278,"BBSRC"
"3510","Global Biodiversity Information Facility",1166,"GBIF","Marie Curie",1752,"MC"
"2100","Global Biodiversity Information Facility",1166,"GBIF","Plazi",3378,"P"
"362","Global Biodiversity Information Facility",1166,"GBIF","Pensoft Publishers",2305,"PP"
"443","Global Biodiversity Information Facility",1166,"GBIF","Naturalis Biodiversity Center",2094,"NBC"
"631","Global Biodiversity Information Facility",1166,"GBIF","University of Tartu, Estonia",3132,"UOTE"
"816","Global Biodiversity Information Facility",1166,"GBIF","LifeWatch ERIC",1717,"LE"
"915","Global Biodiversity Information Facility",1166,"GBIF","Consortium of European Taxonomic Facilities",3380,"CETAF"
"1015","Global Biodiversity Information Facility",1166,"GBIF","Meise Botanic Garden",3379,"c(""Plantentuin Meise"", ""MBG"")"
"1125","Global Biodiversity Information Facility",1166,"GBIF","Botanic Garden and Botanical Museum Berlin-Dahlem (BGBM), Germany",302,"BGBM"
"1420","Global Biodiversity Information Facility",1166,"GBIF","Stichting TDWG Europe",3385,"STE"
"444","Global Biodiversity Information Facility",1166,"GBIF","International Barcode of Life",3476,"IBOL"
"539","Global Biodiversity Information Facility",1166,"GBIF","Government of Ontario",3478,"GOO"
"632","Global Biodiversity Information Facility",1166,"GBIF","Canada First Research Excellence Fund",3477,"CFREF"
"721","Global Biodiversity Information Facility",1166,"GBIF","Canada Foundation for Innovation",354,"CFFI"
"817","Global Biodiversity Information Facility",1166,"GBIF","Natural Sciences and Engineering Research Council of Canada",2101,"NSERC"
"1129","LifeWatch ERIC",1717,"LE","European Organisation for Nuclear Research (CERN), Geneva, Switzerland",947,"CERN"
"2103","LifeWatch ERIC",1717,"LE","Plazi",3378,"P"
"364","LifeWatch ERIC",1717,"LE","Pensoft Publishers",2305,"PP"
"445","LifeWatch ERIC",1717,"LE","Naturalis Biodiversity Center",2094,"NBC"
"540","LifeWatch ERIC",1717,"LE","Species 2000 Secretariat, Naturalis Biodiversity Center, Leiden, The Netherlands",2614,"SSNBCLTN"
"633","LifeWatch ERIC",1717,"LE","University of Tartu, Estonia",3132,"UOTE"
"722","LifeWatch ERIC",1717,"LE","Global Biodiversity Information Facility",1166,"GBIF"
"916","LifeWatch ERIC",1717,"LE","Consortium of European Taxonomic Facilities",3380,"CETAF"
"1016","LifeWatch ERIC",1717,"LE","Meise Botanic Garden",3379,"c(""Plantentuin Meise"", ""MBG"")"
"1130","LifeWatch ERIC",1717,"LE","Botanic Garden and Botanical Museum Berlin-Dahlem (BGBM), Germany",302,"BGBM"
"1222","LifeWatch ERIC",1717,"LE","Swiss Institute of Bioinformatics",2682,"SIB"
"1321","LifeWatch ERIC",1717,"LE","European Bioinformatics Institute, Wellcome Genome Campus",908,"EMBL-EBI"
"1421","LifeWatch ERIC",1717,"LE","Stichting TDWG Europe",3385,"STE"
"1135","Consortium of European Taxonomic Facilities",3380,"CETAF","European Organisation for Nuclear Research (CERN), Geneva, Switzerland",947,"CERN"
"2104","Consortium of European Taxonomic Facilities",3380,"CETAF","Plazi",3378,"P"
"365","Consortium of European Taxonomic Facilities",3380,"CETAF","Pensoft Publishers",2305,"PP"
"446","Consortium of European Taxonomic Facilities",3380,"CETAF","Naturalis Biodiversity Center",2094,"NBC"
"541","Consortium of European Taxonomic Facilities",3380,"CETAF","Species 2000 Secretariat, Naturalis Biodiversity Center, Leiden, The Netherlands",2614,"SSNBCLTN"
"634","Consortium of European Taxonomic Facilities",3380,"CETAF","University of Tartu, Estonia",3132,"UOTE"
"723","Consortium of European Taxonomic Facilities",3380,"CETAF","Global Biodiversity Information Facility",1166,"GBIF"
"819","Consortium of European Taxonomic Facilities",3380,"CETAF","LifeWatch ERIC",1717,"LE"
"1017","Consortium of European Taxonomic Facilities",3380,"CETAF","Meise Botanic Garden",3379,"c(""Plantentuin Meise"", ""MBG"")"
"1136","Consortium of European Taxonomic Facilities",3380,"CETAF","Botanic Garden and Botanical Museum Berlin-Dahlem (BGBM), Germany",302,"BGBM"
"1223","Consortium of European Taxonomic Facilities",3380,"CETAF","Swiss Institute of Bioinformatics",2682,"SIB"
"1322","Consortium of European Taxonomic Facilities",3380,"CETAF","European Bioinformatics Institute, Wellcome Genome Campus",908,"EMBL-EBI"
"1422","Consortium of European Taxonomic Facilities",3380,"CETAF","Stichting TDWG Europe",3385,"STE"
"1137","Meise Botanic Garden",3379,"c(""Plantentuin Meise"", ""MBG"")","European Organisation for Nuclear Research (CERN), Geneva, Switzerland",947,"CERN"
"2105","Meise Botanic Garden",3379,"c(""Plantentuin Meise"", ""MBG"")","Plazi",3378,"P"
"366","Meise Botanic Garden",3379,"c(""Plantentuin Meise"", ""MBG"")","Pensoft Publishers",2305,"PP"
"447","Meise Botanic Garden",3379,"c(""Plantentuin Meise"", ""MBG"")","Naturalis Biodiversity Center",2094,"NBC"
"542","Meise Botanic Garden",3379,"c(""Plantentuin Meise"", ""MBG"")","Species 2000 Secretariat, Naturalis Biodiversity Center, Leiden, The Netherlands",2614,"SSNBCLTN"
"635","Meise Botanic Garden",3379,"c(""Plantentuin Meise"", ""MBG"")","University of Tartu, Estonia",3132,"UOTE"
"724","Meise Botanic Garden",3379,"c(""Plantentuin Meise"", ""MBG"")","Global Biodiversity Information Facility",1166,"GBIF"
"820","Meise Botanic Garden",3379,"c(""Plantentuin Meise"", ""MBG"")","LifeWatch ERIC",1717,"LE"
"918","Meise Botanic Garden",3379,"c(""Plantentuin Meise"", ""MBG"")","Consortium of European Taxonomic Facilities",3380,"CETAF"
"1138","Meise Botanic Garden",3379,"c(""Plantentuin Meise"", ""MBG"")","Botanic Garden and Botanical Museum Berlin-Dahlem (BGBM), Germany",302,"BGBM"
"1224","Meise Botanic Garden",3379,"c(""Plantentuin Meise"", ""MBG"")","Swiss Institute of Bioinformatics",2682,"SIB"
"1323","Meise Botanic Garden",3379,"c(""Plantentuin Meise"", ""MBG"")","European Bioinformatics Institute, Wellcome Genome Campus",908,"EMBL-EBI"
"1423","Meise Botanic Garden",3379,"c(""Plantentuin Meise"", ""MBG"")","Stichting TDWG Europe",3385,"STE"
"1139","Meise Botanic Garden",3379,"c(""Plantentuin Meise"", ""MBG"")","Vlaanderen is innovatie",3467,"VII"
"2107","Swiss Institute of Bioinformatics",2682,"SIB","European Union, Serving Life-science Information for the Next Generation (SLING)",966,"SLING"
"367","Swiss Institute of Bioinformatics",2682,"SIB","French Government, France",1058,"FGF"
"2108","Swiss Institute of Bioinformatics",2682,"SIB","Dessimoz Lab, Computational Evolutionary Biology and Genomics, Lausanne, Switzerland",748,"DLCEBAGLS"
"368","Swiss Institute of Bioinformatics",2682,"SIB","Bayer Crop Science, Germany",177,"BCSG"
"448","Swiss Institute of Bioinformatics",2682,"SIB","Swiss Federal Institute of Technology in Zurich (ETH Zurich), Switzerland",2679,"ETH Zurich"
"2109","Swiss Institute of Bioinformatics",2682,"SIB","Ecole Polytechnique Federale de Lausanne, Lausanne, Switzerland",819,"EPFDLLS"
"2113","Swiss Institute of Bioinformatics",2682,"SIB","Macquarie University, Sydney, Australia",1741,"MUSA"
"369","Swiss Institute of Bioinformatics",2682,"SIB","University of Gothenburg",3058,"UOG"
"449","Swiss Institute of Bioinformatics",2682,"SIB","Soka University, Tokyo, Japan",2591,"SUTJ"
"2114","Swiss Institute of Bioinformatics",2682,"SIB","European Bioinformatics Institute, Wellcome Genome Campus",908,"EMBL-EBI"
"1145","Swiss Institute of Bioinformatics",2682,"SIB","Universit d'Aix-Marseille, Marseille, France",2980,"UAMMF"
"2115","Swiss Institute of Bioinformatics",2682,"SIB","Enveda Therapeutics",863,"ET"
"450","Swiss Institute of Bioinformatics",2682,"SIB","University of Heidelberg, Germany",3062,"UOHG"
"543","Swiss Institute of Bioinformatics",2682,"SIB","University of Southern California",3125,"USC"
"636","Swiss Institute of Bioinformatics",2682,"SIB","Institute of Structural and Molecular Biology, University College London, London, UK",1438,"IOSAMBUCLLU"
"725","Swiss Institute of Bioinformatics",2682,"SIB","University of Calabria",3026,"UOC"
"821","Swiss Institute of Bioinformatics",2682,"SIB","Bioinformatics and Computational Biology Unit, Molecular Genetics Laboratory, University of Rome Tor Vergata",679,"BACBUMGLUORTV"
"1019","Swiss Institute of Bioinformatics",2682,"SIB","Department of Medicine, University of California San Diego",725,"DOMUOCSD"
"1146","Swiss Institute of Bioinformatics",2682,"SIB","NTNU - Norwegian University of Science and Technology",2200,"NNUOSAT"
"1225","Swiss Institute of Bioinformatics",2682,"SIB","Departement de Biologie (IBENS), Ecole Normale Superieure, Paris, France",663,"IBENS"
"1324","Swiss Institute of Bioinformatics",2682,"SIB","Berkeley BOP (BBOP), Lawrence Berkeley National Labs (LBNL), Berkeley, CA, USA",202,"BBOP"
"1424","Swiss Institute of Bioinformatics",2682,"SIB","RWTH Aachen, Germany",2477,"RAG"
"1514","Swiss Institute of Bioinformatics",2682,"SIB","GlaxoSmithKline (United Kingdom)",403,"GSK"
"371","Swiss Institute of Bioinformatics",2682,"SIB","University of Oxford",3112,"UOO"
"451","Swiss Institute of Bioinformatics",2682,"SIB","Beilstein-Institut, Frankfurt am Main, Germany",195,"BIFAMG"
"637","Swiss Institute of Bioinformatics",2682,"SIB","Complex Carbohydrate Research Center, University of Georgia, Athens, Georgia, United States",573,"CCRCUOGAGUS"
"1148","Swiss Institute of Bioinformatics",2682,"SIB","National Institute of General Medical Sciences",2018,"NIGMS"
"452","Swiss Institute of Bioinformatics",2682,"SIB","Biotechnology and Biological Sciences Research Council",278,"BBSRC"
"545","Swiss Institute of Bioinformatics",2682,"SIB","National Center for Research Resources (NCRR), National Institutes of Health, Bethesda, MD, USA",1970,"NCRR"
"2118","Swiss Institute of Bioinformatics",2682,"SIB","European Commission FP7",920,"EMBL-EBI"
"453","Swiss Institute of Bioinformatics",2682,"SIB","The Swiss Initiative in Systems Biology (SystemsX.ch), Zurich, Switzerland",2839,"SystemsX.ch"
"546","Swiss Institute of Bioinformatics",2682,"SIB","ELIXIR",839,"E"
"638","Swiss Institute of Bioinformatics",2682,"SIB","State Secretariat for Education, Research and Innovation",2635,"SERI"
"1150","Swiss Institute of Bioinformatics",2682,"SIB","Amos Bairoch - Lydie Lane's group, Swiss Institute of Bioinformatics",587,"Amos Bairoch - Lydie Lane's group, SIB"
"374","Swiss Institute of Bioinformatics",2682,"SIB","Commission for Technology and Innovation (CTI), Bern, Switzerland",563,"CTI"
"1151","Swiss Institute of Bioinformatics",2682,"SIB","Department of Ecology and Evolution, University of Lausanne",3075,"DOEAEUOL"
"2120","Swiss Institute of Bioinformatics",2682,"SIB","Etat de Vaud, Lausanne, Switzerland",881,"EDVLS"
"375","Swiss Institute of Bioinformatics",2682,"SIB","National Science Foundation",2071,"NSF"
"454","Swiss Institute of Bioinformatics",2682,"SIB","BGEE administrators",209,"BGEE"
"726","Swiss Institute of Bioinformatics",2682,"SIB","Swiss National Science Foundation",2684,"SNSF"
"822","Swiss Institute of Bioinformatics",2682,"SIB","The National Evolutionary Synthesis Center (NESCent), USA",2809,"NESCent"
"455","Swiss Institute of Bioinformatics",2682,"SIB","International Union of Biochemistry and Molecular Biology (IUBMB)",1533,"IUBMB"
"1153","Swiss Institute of Bioinformatics",2682,"SIB","Novo Nordisk Foundation Center for Protein Research (CPR), Denmark",2196,"CPR"
"2122","Swiss Institute of Bioinformatics",2682,"SIB","European Molecular Biology Laboratory",941,"EMBL"
"377","Swiss Institute of Bioinformatics",2682,"SIB","University of Zurich, Switzerland",3155,"UOZS"
"456","Swiss Institute of Bioinformatics",2682,"SIB","European Molecular Biology Organization",943,"EMBO"
"548","Swiss Institute of Bioinformatics",2682,"SIB","Foundation ProBioC, Heidelberg, Germany",1045,"FPHG"
"727","Swiss Institute of Bioinformatics",2682,"SIB","Faculty of Health and Medical Sciences, University of Copenhagen, Copenhagen, Denmark",984,"FOHAMSUOCCD"
"823","Swiss Institute of Bioinformatics",2682,"SIB","Federal Ministry of Education and Research",333,"BMBF"
"378","Swiss Institute of Bioinformatics",2682,"SIB","National Library of Medicine",2045,"NLM"
"549","Swiss Institute of Bioinformatics",2682,"SIB","National Institutes of Health",2035,"NIH"
"458","Swiss Institute of Bioinformatics",2682,"SIB","European Commission",915,"EC"
"2126","Swiss Institute of Bioinformatics",2682,"SIB","Federal Statistical Office",2680,"FSO"
"1160","Swiss Institute of Bioinformatics",2682,"SIB","Biozentrum, University of Basel, Basel, Switzerland",284,"BUOBBS"
"1165","Swiss Institute of Bioinformatics",2682,"SIB","Public Health England",2383,"PHE"
"2131","Swiss Institute of Bioinformatics",2682,"SIB","Genetica DNA Laboratories, Burglington, NC, USA",1103,"GDLBNU"
"384","Swiss Institute of Bioinformatics",2682,"SIB","UK Global Biological Standards Institute (GBSI)",2898,"GBSI"
"459","Swiss Institute of Bioinformatics",2682,"SIB","Promega France",2372,"PF"
"641","Swiss Institute of Bioinformatics",2682,"SIB","Riken Resource Centre, Japan",2450,"RRCJ"
"728","Swiss Institute of Bioinformatics",2682,"SIB","Japanese Collection of Research Bioresources Cell Bank (JCRB Cell Bank), Osaka, Japan",1589,"JCRB Cell Bank"
"824","Swiss Institute of Bioinformatics",2682,"SIB","CellBank Australia, Westmead, NSW, Australia",392,"CAWNA"
"920","Swiss Institute of Bioinformatics",2682,"SIB","ATCC Standards Development Organisation",130,"ATCC"
"2133","Swiss Institute of Bioinformatics",2682,"SIB","ELIXIR Czech Republic",840,"ECR"
"642","Swiss Institute of Bioinformatics",2682,"SIB","Multimodal and Functional Imaging Laboratory, Central European Institute of Technology (CEITEC), Brno, Czech Republic",1912,"CEITEC"
"825","Swiss Institute of Bioinformatics",2682,"SIB","Chinese Governement Scholarship",2267,"CGS"
"1169","Swiss Institute of Bioinformatics",2682,"SIB","Science Foundation Ireland",2520,"SFI"
"462","Swiss Institute of Bioinformatics",2682,"SIB","Conway Institute of Biomolecular and Biomedical Research, University College Dublin, Belfield, Ireland",608,"CIOBABRUCDBI"
"1170","Swiss Institute of Bioinformatics",2682,"SIB","UniProt Consortium",2916,"UC"
"388","Swiss Institute of Bioinformatics",2682,"SIB","Species 2000 Secretariat, Naturalis Biodiversity Center, Leiden, The Netherlands",2614,"SSNBCLTN"
"463","Swiss Institute of Bioinformatics",2682,"SIB","TDWG Consortium",2712,"TC"
"643","Swiss Institute of Bioinformatics",2682,"SIB","European Organisation for Nuclear Research (CERN), Geneva, Switzerland",947,"CERN"
"730","Swiss Institute of Bioinformatics",2682,"SIB","India Alliance DBT Wellcome",1325,"IADW"
"826","Swiss Institute of Bioinformatics",2682,"SIB","Medical Research Council",1812,"MRC"
"921","Swiss Institute of Bioinformatics",2682,"SIB","MS Society",1908,"MS"
"1020","Swiss Institute of Bioinformatics",2682,"SIB","Worldwide Cancer Research",3259,"WCR"
"1175","Swiss Institute of Bioinformatics",2682,"SIB","Global Biodiversity Information Facility",1166,"GBIF"
"1226","Swiss Institute of Bioinformatics",2682,"SIB","Cancer Research UK Manchester Institute",368,"CRUMI"
"1325","Swiss Institute of Bioinformatics",2682,"SIB","The Dunhill Medical Trust",2766,"TDMT"
"1425","Swiss Institute of Bioinformatics",2682,"SIB","Telethon Foundation",2727,"Fondazione Telethon"
"1515","Swiss Institute of Bioinformatics",2682,"SIB","Blood Cancer UK",287,"BCU"
"1614","Swiss Institute of Bioinformatics",2682,"SIB","Chief Scientist Office",503,"CSO"
"1713","Swiss Institute of Bioinformatics",2682,"SIB","Motor Neuron Disease Association",1899,"MNDA"
"1812","Swiss Institute of Bioinformatics",2682,"SIB","Prostate Cancer UK",2373,"PCU"
"1912","Swiss Institute of Bioinformatics",2682,"SIB","Austrian Science Fund (FWF), Austria",154,"FWF"
"205","Swiss Institute of Bioinformatics",2682,"SIB","Action on Hearing Loss",21,"AOHL"
"2138","Swiss Institute of Bioinformatics",2682,"SIB","The Academy of Medical Sciences",2741,"TAOMS"
"2213","Swiss Institute of Bioinformatics",2682,"SIB","Parkinson's Disease UK (PDUK)",2290,"PDUK"
"2313","Swiss Institute of Bioinformatics",2682,"SIB","Breast Cancer Now",307,"BCN"
"2413","Swiss Institute of Bioinformatics",2682,"SIB","Arthritis Research UK",115,"ARU"
"2513","Swiss Institute of Bioinformatics",2682,"SIB","National Centre for the Replacement, Refinement and Reduction of Animals in Research (NC3Rs), London, UK",1975,"NC3Rs"
"2612","Swiss Institute of Bioinformatics",2682,"SIB","World Health Organization (WHO)",3252,"WHO"
"2711","Swiss Institute of Bioinformatics",2682,"SIB","National Institute for Health Research",2003,"NIHR"
"2811","Swiss Institute of Bioinformatics",2682,"SIB","Myrovlytis Trust",1924,"MT"
"2911","Swiss Institute of Bioinformatics",2682,"SIB","Diabetes UK",757,"DU"
"303","Swiss Institute of Bioinformatics",2682,"SIB","The British Heart Foundation",2747,"TBHF"
"3113","Swiss Institute of Bioinformatics",2682,"SIB","The European Research Council (ERC)",2772,"ERC"
"3213","Swiss Institute of Bioinformatics",2682,"SIB","Alzheimers Society",67,"AS"
"3312","Swiss Institute of Bioinformatics",2682,"SIB","The Wellcome Trust",2854,"TWT"
"3511","Swiss Institute of Bioinformatics",2682,"SIB","Marie Curie",1752,"MC"
"2139","Swiss Institute of Bioinformatics",2682,"SIB","Plazi",3378,"P"
"389","Swiss Institute of Bioinformatics",2682,"SIB","Pensoft Publishers",2305,"PP"
"464","Swiss Institute of Bioinformatics",2682,"SIB","Naturalis Biodiversity Center",2094,"NBC"
"644","Swiss Institute of Bioinformatics",2682,"SIB","University of Tartu, Estonia",3132,"UOTE"
"827","Swiss Institute of Bioinformatics",2682,"SIB","LifeWatch ERIC",1717,"LE"
"922","Swiss Institute of Bioinformatics",2682,"SIB","Consortium of European Taxonomic Facilities",3380,"CETAF"
"1021","Swiss Institute of Bioinformatics",2682,"SIB","Meise Botanic Garden",3379,"c(""Plantentuin Meise"", ""MBG"")"
"1177","Swiss Institute of Bioinformatics",2682,"SIB","Botanic Garden and Botanical Museum Berlin-Dahlem (BGBM), Germany",302,"BGBM"
"1426","Swiss Institute of Bioinformatics",2682,"SIB","Stichting TDWG Europe",3385,"STE"
"2140","Swiss Institute of Bioinformatics",2682,"SIB","National eResearch Collaboration Tools and Resources project",1989,"NeCTAR"
"2142","European Bioinformatics Institute, Wellcome Genome Campus",908,"EMBL-EBI","European Molecular Biology Laboratory",941,"EMBL"
"391","European Bioinformatics Institute, Wellcome Genome Campus",908,"EMBL-EBI","The Wellcome Trust",2854,"TWT"
"466","European Bioinformatics Institute, Wellcome Genome Campus",908,"EMBL-EBI","National Human Genome Research Institute",1998,"NHGRI"
"556","European Bioinformatics Institute, Wellcome Genome Campus",908,"EMBL-EBI","EuroKUP COST Action",904,"ECA"
"645","European Bioinformatics Institute, Wellcome Genome Campus",908,"EMBL-EBI","Stockholm University, Sweden",2645,"SUS"
"732","European Bioinformatics Institute, Wellcome Genome Campus",908,"EMBL-EBI","The Wellcome Trust Sanger Institute, Wellcome Trust Genome Campus, Cambridge, UK",2853,"TWTSIWTGCCU"
"828","European Bioinformatics Institute, Wellcome Genome Campus",908,"EMBL-EBI","Howard Hughes Medical Institute",1267,"HHMI"
"923","European Bioinformatics Institute, Wellcome Genome Campus",908,"EMBL-EBI","Department of Molecular and Cell Biology, Harvard University, Cambridge, USA",727,"DOMACBHUCU"
"1022","European Bioinformatics Institute, Wellcome Genome Campus",908,"EMBL-EBI","European Comission Horizon 2020",912,"ECH"
"1181","European Bioinformatics Institute, Wellcome Genome Campus",908,"EMBL-EBI","Biotechnology and Biological Sciences Research Council",278,"BBSRC"
"2143","European Bioinformatics Institute, Wellcome Genome Campus",908,"EMBL-EBI","European Commission FP7",920,"EMBL-EBI"
"392","European Bioinformatics Institute, Wellcome Genome Campus",908,"EMBL-EBI","Swiss Institute of Bioinformatics",2682,"SIB"
"467","European Bioinformatics Institute, Wellcome Genome Campus",908,"EMBL-EBI","The Swiss Initiative in Systems Biology (SystemsX.ch), Zurich, Switzerland",2839,"SystemsX.ch"
"557","European Bioinformatics Institute, Wellcome Genome Campus",908,"EMBL-EBI","ELIXIR",839,"E"
"646","European Bioinformatics Institute, Wellcome Genome Campus",908,"EMBL-EBI","State Secretariat for Education, Research and Innovation",2635,"SERI"
"2144","European Bioinformatics Institute, Wellcome Genome Campus",908,"EMBL-EBI","National Institutes of Health",2035,"NIH"
"558","European Bioinformatics Institute, Wellcome Genome Campus",908,"EMBL-EBI","Cambridge Systems Biology Centre, University of Cambridge, Cambridge, UK",351,"CSBCUOCCU"
"647","European Bioinformatics Institute, Wellcome Genome Campus",908,"EMBL-EBI","Medical Research Council",1812,"MRC"
"2145","European Bioinformatics Institute, Wellcome Genome Campus",908,"EMBL-EBI","Swiss National Science Foundation",2684,"SNSF"
"394","European Bioinformatics Institute, Wellcome Genome Campus",908,"EMBL-EBI","Species 2000 Secretariat, Naturalis Biodiversity Center, Leiden, The Netherlands",2614,"SSNBCLTN"
"469","European Bioinformatics Institute, Wellcome Genome Campus",908,"EMBL-EBI","TDWG Consortium",2712,"TC"
"648","European Bioinformatics Institute, Wellcome Genome Campus",908,"EMBL-EBI","European Organisation for Nuclear Research (CERN), Geneva, Switzerland",947,"CERN"
"733","European Bioinformatics Institute, Wellcome Genome Campus",908,"EMBL-EBI","India Alliance DBT Wellcome",1325,"IADW"
"924","European Bioinformatics Institute, Wellcome Genome Campus",908,"EMBL-EBI","MS Society",1908,"MS"
"1023","European Bioinformatics Institute, Wellcome Genome Campus",908,"EMBL-EBI","Worldwide Cancer Research",3259,"WCR"
"1185","European Bioinformatics Institute, Wellcome Genome Campus",908,"EMBL-EBI","Global Biodiversity Information Facility",1166,"GBIF"
"1228","European Bioinformatics Institute, Wellcome Genome Campus",908,"EMBL-EBI","Cancer Research UK Manchester Institute",368,"CRUMI"
"1327","European Bioinformatics Institute, Wellcome Genome Campus",908,"EMBL-EBI","The Dunhill Medical Trust",2766,"TDMT"
"1427","European Bioinformatics Institute, Wellcome Genome Campus",908,"EMBL-EBI","Telethon Foundation",2727,"Fondazione Telethon"
"1516","European Bioinformatics Institute, Wellcome Genome Campus",908,"EMBL-EBI","Blood Cancer UK",287,"BCU"
"1615","European Bioinformatics Institute, Wellcome Genome Campus",908,"EMBL-EBI","Chief Scientist Office",503,"CSO"
"1714","European Bioinformatics Institute, Wellcome Genome Campus",908,"EMBL-EBI","Motor Neuron Disease Association",1899,"MNDA"
"1813","European Bioinformatics Institute, Wellcome Genome Campus",908,"EMBL-EBI","Prostate Cancer UK",2373,"PCU"
"1913","European Bioinformatics Institute, Wellcome Genome Campus",908,"EMBL-EBI","Austrian Science Fund (FWF), Austria",154,"FWF"
"206","European Bioinformatics Institute, Wellcome Genome Campus",908,"EMBL-EBI","Action on Hearing Loss",21,"AOHL"
"2146","European Bioinformatics Institute, Wellcome Genome Campus",908,"EMBL-EBI","The Academy of Medical Sciences",2741,"TAOMS"
"2214","European Bioinformatics Institute, Wellcome Genome Campus",908,"EMBL-EBI","Parkinson's Disease UK (PDUK)",2290,"PDUK"
"2314","European Bioinformatics Institute, Wellcome Genome Campus",908,"EMBL-EBI","Breast Cancer Now",307,"BCN"
"2414","European Bioinformatics Institute, Wellcome Genome Campus",908,"EMBL-EBI","Arthritis Research UK",115,"ARU"
"2514","European Bioinformatics Institute, Wellcome Genome Campus",908,"EMBL-EBI","National Centre for the Replacement, Refinement and Reduction of Animals in Research (NC3Rs), London, UK",1975,"NC3Rs"
"2613","European Bioinformatics Institute, Wellcome Genome Campus",908,"EMBL-EBI","World Health Organization (WHO)",3252,"WHO"
"2712","European Bioinformatics Institute, Wellcome Genome Campus",908,"EMBL-EBI","National Institute for Health Research",2003,"NIHR"
"2812","European Bioinformatics Institute, Wellcome Genome Campus",908,"EMBL-EBI","Myrovlytis Trust",1924,"MT"
"2912","European Bioinformatics Institute, Wellcome Genome Campus",908,"EMBL-EBI","Diabetes UK",757,"DU"
"304","European Bioinformatics Institute, Wellcome Genome Campus",908,"EMBL-EBI","The British Heart Foundation",2747,"TBHF"
"3114","European Bioinformatics Institute, Wellcome Genome Campus",908,"EMBL-EBI","The European Research Council (ERC)",2772,"ERC"
"3214","European Bioinformatics Institute, Wellcome Genome Campus",908,"EMBL-EBI","Alzheimers Society",67,"AS"
"3512","European Bioinformatics Institute, Wellcome Genome Campus",908,"EMBL-EBI","Marie Curie",1752,"MC"
"470","European Bioinformatics Institute, Wellcome Genome Campus",908,"EMBL-EBI","International Union of Biochemistry and Molecular Biology (IUBMB)",1533,"IUBMB"
"2152","European Bioinformatics Institute, Wellcome Genome Campus",908,"EMBL-EBI","ELIXIR Czech Republic",840,"ECR"
"474","European Bioinformatics Institute, Wellcome Genome Campus",908,"EMBL-EBI","Institute of Structural and Molecular Biology, University College London, London, UK",1438,"IOSAMBUCLLU"
"649","European Bioinformatics Institute, Wellcome Genome Campus",908,"EMBL-EBI","Multimodal and Functional Imaging Laboratory, Central European Institute of Technology (CEITEC), Brno, Czech Republic",1912,"CEITEC"
"830","European Bioinformatics Institute, Wellcome Genome Campus",908,"EMBL-EBI","Chinese Governement Scholarship",2267,"CGS"
"2155","European Bioinformatics Institute, Wellcome Genome Campus",908,"EMBL-EBI","Systems Microscopy Network of Excellence, European Union",2697,"SMNOEEU"
"475","European Bioinformatics Institute, Wellcome Genome Campus",908,"EMBL-EBI","EU FP7 BioMedBridges",888,"EFB"
"2156","European Bioinformatics Institute, Wellcome Genome Campus",908,"EMBL-EBI","Baylor College of Medicine",178,"BCM"
"3102","European Bioinformatics Institute, Wellcome Genome Campus",908,"EMBL-EBI","Institute for Systems Biology",1396,"ISB"
"476","European Bioinformatics Institute, Wellcome Genome Campus",908,"EMBL-EBI","Institute of Systems, Molecular and Integrative Biology, University of Liverpool",1420,"ISMIB"
"561","European Bioinformatics Institute, Wellcome Genome Campus",908,"EMBL-EBI","HUPO-PSI initiative; Proteomics informatics working group",1290,"HPIPIWG"
"650","European Bioinformatics Institute, Wellcome Genome Campus",908,"EMBL-EBI","Ghent University",1152,"GU"
"735","European Bioinformatics Institute, Wellcome Genome Campus",908,"EMBL-EBI","Department of Epidemiology and Biostatistics, University of Texas Health Science Center at San Antonio",707,"DOEABUOTHSCASA"
"831","European Bioinformatics Institute, Wellcome Genome Campus",908,"EMBL-EBI","New York University Grossman School of Medicine",2154,"NYUGSOM"
"2157","European Bioinformatics Institute, Wellcome Genome Campus",908,"EMBL-EBI","GEN2PHEN",1098,"G"
"3103","European Bioinformatics Institute, Wellcome Genome Campus",908,"EMBL-EBI","EMERALD Publishing Limited, Bingley, UK",854,"EPLBU"
"562","European Bioinformatics Institute, Wellcome Genome Campus",908,"EMBL-EBI","European Commission",915,"EC"
"1197","European Bioinformatics Institute, Wellcome Genome Campus",908,"EMBL-EBI","Euro-BioImaging",3330,"EB"
"3104","European Bioinformatics Institute, Wellcome Genome Campus",908,"EMBL-EBI","University of Dundee, Scotland, UK",3049,"UODSU"
"478","European Bioinformatics Institute, Wellcome Genome Campus",908,"EMBL-EBI","EOSC-Life",873,"EL"
"1199","European Bioinformatics Institute, Wellcome Genome Campus",908,"EMBL-EBI","National Institute of General Medical Sciences",2018,"NIGMS"
"563","European Bioinformatics Institute, Wellcome Genome Campus",908,"EMBL-EBI","National Center for Research Resources (NCRR), National Institutes of Health, Bethesda, MD, USA",1970,"NCRR"
"2161","European Bioinformatics Institute, Wellcome Genome Campus",908,"EMBL-EBI","Unilever Centre for Molecular Science Informatics, Department of Chemistry, University of Cambridge Lensfield Road, Cambridge, CB2 1EW, UK",2914,"UCFMSIDOCUOCLRCCU"
"1201","European Bioinformatics Institute, Wellcome Genome Campus",908,"EMBL-EBI","THOR, European Union",2858,"TEU"
"564","European Bioinformatics Institute, Wellcome Genome Campus",908,"EMBL-EBI","FAIRplus",993,"F"
"651","European Bioinformatics Institute, Wellcome Genome Campus",908,"EMBL-EBI","NIH Common Fund, USA",2161,"NCFU"
"736","European Bioinformatics Institute, Wellcome Genome Campus",908,"EMBL-EBI","The CORBEL Project",2761,"TCP"
"832","European Bioinformatics Institute, Wellcome Genome Campus",908,"EMBL-EBI","Freya Project, European Union",1062,"FPEU"
"925","European Bioinformatics Institute, Wellcome Genome Campus",908,"EMBL-EBI","ELIXIR-UK",843,"EU"
"1202","European Bioinformatics Institute, Wellcome Genome Campus",908,"EMBL-EBI","HLA Informatics Group, Anthony Nolan Research Institute, London, UK",1254,"HIGANRILU"
"3108","European Bioinformatics Institute, Wellcome Genome Campus",908,"EMBL-EBI","The Fifth Framework Infrastructures program, European Commission",2776,"TFFIPEC"
"481","European Bioinformatics Institute, Wellcome Genome Campus",908,"EMBL-EBI","National Library of Medicine",2045,"NLM"
"1203","European Bioinformatics Institute, Wellcome Genome Campus",908,"EMBL-EBI","SBML Community",2498,"SC"
"565","European Bioinformatics Institute, Wellcome Genome Campus",908,"EMBL-EBI","BBSRC Babraham Institute, Cambridge, UK",183,"BBICU"
"652","European Bioinformatics Institute, Wellcome Genome Campus",908,"EMBL-EBI","Innovative Medicines Initiative, Europe",1358,"IMI"
"3115","European Bioinformatics Institute, Wellcome Genome Campus",908,"EMBL-EBI","wwPDB",3263,"W"
"1205","European Bioinformatics Institute, Wellcome Genome Campus",908,"EMBL-EBI","Engineering and Physical Sciences Research Council (EPSRC), UK",862,"EPSRC"
"3116","European Bioinformatics Institute, Wellcome Genome Campus",908,"EMBL-EBI","Midwest Center for Structural Genomics, USA",1836,"MCFSGU"
"566","European Bioinformatics Institute, Wellcome Genome Campus",908,"EMBL-EBI","Office of Biological and Environmental Research",2943,"OOBAER"
"1206","European Bioinformatics Institute, Wellcome Genome Campus",908,"EMBL-EBI","Oxford Nanopore Technologies, Oxford, UK",2282,"ONTOU"
"2167","European Bioinformatics Institute, Wellcome Genome Campus",908,"EMBL-EBI","UK Biotechnology and Biological Sciences Research Council - RNA Central",2894,"UBABSRCRC"
"653","European Bioinformatics Institute, Wellcome Genome Campus",908,"EMBL-EBI","The Gordon and Betty Moore Foundation, USA",2782,"TGABMFU"
"738","European Bioinformatics Institute, Wellcome Genome Campus",908,"EMBL-EBI","Horizon 2020 Programme of the European Union - EMBRIC",1262,"HPOTEUE"
"833","European Bioinformatics Institute, Wellcome Genome Campus",908,"EMBL-EBI","Horizon 2020 Programme of the European Union - ENVRI+",1263,"HPOTEUE"
"926","European Bioinformatics Institute, Wellcome Genome Campus",908,"EMBL-EBI","UK Biotechnology and Biological Sciences Research Council - Metagenomics Portal",2892,"UBABSRCMP"
"1024","European Bioinformatics Institute, Wellcome Genome Campus",908,"EMBL-EBI","Horizon 2020 Programme of the European Union - COMPARE",1261,"HPOTEUC"
"11100","European Bioinformatics Institute, Wellcome Genome Campus",908,"EMBL-EBI","Horizon 2020 Programme of the European Union - EXCELERATE",1264,"HPOTEUE"
"1207","European Bioinformatics Institute, Wellcome Genome Campus",908,"EMBL-EBI","European Patent Office",949,"EPO"
"3120","European Bioinformatics Institute, Wellcome Genome Campus",908,"EMBL-EBI","National Science Foundation",2071,"NSF"
"1230","European Bioinformatics Institute, Wellcome Genome Campus",908,"EMBL-EBI","European Commission CORDIS FP5",916,"ECCF"
"1231","European Bioinformatics Institute, Wellcome Genome Campus",908,"EMBL-EBI","National Institute for Biological Standards and Control (NIBSC), Potters Bar, UK",2001,"NIBSC"
"2172","European Bioinformatics Institute, Wellcome Genome Campus",908,"EMBL-EBI","Anthony Nolan Research Institute, London, UK",100,"ANRILU"
"655","European Bioinformatics Institute, Wellcome Genome Campus",908,"EMBL-EBI","University of Cambridge",352,"UOC"
"2173","European Bioinformatics Institute, Wellcome Genome Campus",908,"EMBL-EBI","Stanford University School of Medicine, CA, USA",2625,"SUSOMCU"
"489","European Bioinformatics Institute, Wellcome Genome Campus",908,"EMBL-EBI","University of Minnesota, Minneapolis, MN 55455, USA",3097,"UOMMMU"
"1233","European Bioinformatics Institute, Wellcome Genome Campus",908,"EMBL-EBI","The Pirbright Institute, Woking, UK",2819,"TPIWU"
"491","European Bioinformatics Institute, Wellcome Genome Campus",908,"EMBL-EBI","National Institute of Allergy and Infectious Diseases (NIAID), National Institutes of Health (NIH), Bethesda, MD, USA",2009,"NIH"
"1238","European Bioinformatics Institute, Wellcome Genome Campus",908,"EMBL-EBI","MRC Laboratory of Molecular Biology (LMB), Cambridge, UK",1904,"LMB"
"492","European Bioinformatics Institute, Wellcome Genome Campus",908,"EMBL-EBI","Comparative Genomics Group (CRG), Spain",571,"CRG"
"572","European Bioinformatics Institute, Wellcome Genome Campus",908,"EMBL-EBI","Ministerio de Asuntos Economicos y Transformacion Digital",1852,"MDAETD"
"740","European Bioinformatics Institute, Wellcome Genome Campus",908,"EMBL-EBI","Spanish Instituto de Salud Carlos III Instituto Nacional de Bioinformatica",2608,"SIDSCIINDB"
"927","European Bioinformatics Institute, Wellcome Genome Campus",908,"EMBL-EBI","Centro de Excelencia Severo Ochoa, Madrid, Spain",479,"CDESOMS"
"1239","European Bioinformatics Institute, Wellcome Genome Campus",908,"EMBL-EBI","Ontario Institute For Cancer Research (OICR), Toronto, ON, Canada",2246,"OICR"
"3127","European Bioinformatics Institute, Wellcome Genome Campus",908,"EMBL-EBI","New York University Langone Medical Center (NYULMC), New York, USA",2155,"NYULMC"
"493","European Bioinformatics Institute, Wellcome Genome Campus",908,"EMBL-EBI","Oregon Health & Science University (OHSU), USA",2270,"OHSU"
"1240","European Bioinformatics Institute, Wellcome Genome Campus",908,"EMBL-EBI","University of Delaware, USA",3047,"UODU"
"494","European Bioinformatics Institute, Wellcome Genome Campus",908,"EMBL-EBI","Georgetown University Medical Center , Georgetown University, Washington DC, USA",1129,"GUMCGUWDU"
"1241","European Bioinformatics Institute, Wellcome Genome Campus",908,"EMBL-EBI","Manchester Center for Integrative Systems Biology, Manchester, UK",1749,"MCFISBMU"
"3129","European Bioinformatics Institute, Wellcome Genome Campus",908,"EMBL-EBI","University of Manchester, UK",3086,"UOMU"
"495","European Bioinformatics Institute, Wellcome Genome Campus",908,"EMBL-EBI","IMPACT Europe",1318,"IMPACT"
"657","European Bioinformatics Institute, Wellcome Genome Campus",908,"EMBL-EBI","European FP7 EMBRACE project",933,"EFEP"
"1242","European Bioinformatics Institute, Wellcome Genome Campus",908,"EMBL-EBI","Research Collaboratory for Structural Bioinformatics (RCSB)",2423,"RCSB"
"496","European Bioinformatics Institute, Wellcome Genome Campus",908,"EMBL-EBI","Instruct-ERIC",3342,"IE"
"575","European Bioinformatics Institute, Wellcome Genome Campus",908,"EMBL-EBI","Protein Data Bank in Europe, European Bioinformatics Institute (EMBL-EBI) European Molecular Biology Laboratory",2374,"EMBL-EBI"
"1243","European Bioinformatics Institute, Wellcome Genome Campus",908,"EMBL-EBI","UK Science & Innovation Network in Japan",2899,"UK SIN Japan"
"576","European Bioinformatics Institute, Wellcome Genome Campus",908,"EMBL-EBI","National Center for Protein Sciences, Beijing",1968,"NCFPSB"
"659","European Bioinformatics Institute, Wellcome Genome Campus",908,"EMBL-EBI","University of Washington, USA",3150,"UOWU"
"928","European Bioinformatics Institute, Wellcome Genome Campus",908,"EMBL-EBI","University of California San Diego",3033,"UC San Diego"
"1025","European Bioinformatics Institute, Wellcome Genome Campus",908,"EMBL-EBI","National Institute of Biomedical Imaging and Bioengineering (NIBIB), Bethesda, MD, USA",2011,"NIBIB"
"1244","European Bioinformatics Institute, Wellcome Genome Campus",908,"EMBL-EBI","Russian Foundation for Basic Research",2474,"RFBR"
"577","European Bioinformatics Institute, Wellcome Genome Campus",908,"EMBL-EBI","InnovateUK",1353,"I"
"1245","European Bioinformatics Institute, Wellcome Genome Campus",908,"EMBL-EBI","Genetic European Variation in Disease (GEUVADIS)",1104,"GEUVADIS"
"499","European Bioinformatics Institute, Wellcome Genome Campus",908,"EMBL-EBI","Principe Felipe Research Centre Computational Genomics Department (CIPF)",2358,"CIPF"
"4100","European Bioinformatics Institute, Wellcome Genome Campus",908,"EMBL-EBI","Bill and Melinda Gates Foundation, Seattle, Washington, USA",217,"BAMGFSWU"
"1253","European Bioinformatics Institute, Wellcome Genome Campus",908,"EMBL-EBI","National Cancer Institute (NCI), National Institutes of Health (NIH), Bethesda, USA",1954,"NIH"
"3135","European Bioinformatics Institute, Wellcome Genome Campus",908,"EMBL-EBI","The Jackson Laboratory",2792,"TJL"
"1261","European Bioinformatics Institute, Wellcome Genome Campus",908,"EMBL-EBI","Health Data Research UK",1222,"HDRU"
"2199","European Bioinformatics Institute, Wellcome Genome Campus",908,"EMBL-EBI","Baker Heart and Diabetes Institute",161,"BHADI"
"3141","European Bioinformatics Institute, Wellcome Genome Campus",908,"EMBL-EBI","Infrafrontier Research Infrastructure, Infrafrontier",1347,"IRII"
"1263","European Bioinformatics Institute, Wellcome Genome Campus",908,"EMBL-EBI","Science Foundation Ireland",2520,"SFI"
"4103","European Bioinformatics Institute, Wellcome Genome Campus",908,"EMBL-EBI","Conway Institute of Biomolecular and Biomedical Research, University College Dublin, Belfield, Ireland",608,"CIOBABRUCDBI"
"2204","European Bioinformatics Institute, Wellcome Genome Campus",908,"EMBL-EBI","Functional Annotation of Animal Genomes (FAANG) Administrators",1069,"FAANG"
"2206","European Bioinformatics Institute, Wellcome Genome Campus",908,"EMBL-EBI","Large Scale Genomics Work Streams, Global Alliance for Genomics and Health (GA4GH)",1688,"GA4GH"
"2207","European Bioinformatics Institute, Wellcome Genome Campus",908,"EMBL-EBI","National Center for Biotechnology Information",1960,"NCBI"
"3145","European Bioinformatics Institute, Wellcome Genome Campus",908,"EMBL-EBI","National Institute of Genetics (NIG), Shizuoka, Japan",2019,"NIG"
"4106","European Bioinformatics Institute, Wellcome Genome Campus",908,"EMBL-EBI","Harvard University, Cambridge, MA, USA",1216,"HUCMU"
"1272","European Bioinformatics Institute, Wellcome Genome Campus",908,"EMBL-EBI","University of Massachusetts Medical School, USA",3089,"UOMMSU"
"2215","European Bioinformatics Institute, Wellcome Genome Campus",908,"EMBL-EBI","Stanford University, CA, USA",2623,"SUCU"
"3148","European Bioinformatics Institute, Wellcome Genome Campus",908,"EMBL-EBI","RIKEN Center for Biosystems Dynamics Research",2443,"RIKEN BDR"
"4107","European Bioinformatics Institute, Wellcome Genome Campus",908,"EMBL-EBI","Janssen, Belgium",1584,"JB"
"581","European Bioinformatics Institute, Wellcome Genome Campus",908,"EMBL-EBI","University of Leuven (KU Leuven), Leuven, Belgium",3080,"KU Leuven"
"662","European Bioinformatics Institute, Wellcome Genome Campus",908,"EMBL-EBI","Instituto Gulbenkian de Ciencia",1450,"IGC"
"742","European Bioinformatics Institute, Wellcome Genome Campus",908,"EMBL-EBI","Diamond Light Source, Harwell Science and Innovation Campus, Harwell, UK",758,"DLSHSAICHU"
"837","European Bioinformatics Institute, Wellcome Genome Campus",908,"EMBL-EBI","Chan Zuckerberg Initiative, Redwood City, CA, USA",492,"CZIRCCU"
"11102","European Bioinformatics Institute, Wellcome Genome Campus",908,"EMBL-EBI","Leiden University Medical Center (LUMC), Leiden, The Netherlands",1705,"LUMC"
"1273","European Bioinformatics Institute, Wellcome Genome Campus",908,"EMBL-EBI","Turku BioImaging, University of Turku and Åbo Akademi University, Turku, Finland",2879,"TBUOTABAUTF"
"1517","European Bioinformatics Institute, Wellcome Genome Campus",908,"EMBL-EBI","King's College London, London, United Kingdom",1638,"KCLLUK"
"1616","European Bioinformatics Institute, Wellcome Genome Campus",908,"EMBL-EBI","Francis Crick Institute, London, UK",1046,"FCILU"
"1715","European Bioinformatics Institute, Wellcome Genome Campus",908,"EMBL-EBI","SPT Labtech Ltd, Melbourn, UK",2618,"SLLMU"
"1814","European Bioinformatics Institute, Wellcome Genome Campus",908,"EMBL-EBI","Cell Biology and Biophysics Unit, European Molecular Biology Laboratory (EMBL), Heidelberg, Germany",394,"EMBL"
"1914","European Bioinformatics Institute, Wellcome Genome Campus",908,"EMBL-EBI","Carl Zeiss Microscopy GmbH, Jena, Germany",375,"CZMGJG"
"207","European Bioinformatics Institute, Wellcome Genome Campus",908,"EMBL-EBI","Université de Nantes, CNRS, INSERM, l’institut du thorax, Nantes, France",2986,"UDNCIIDTNF"
"21100","European Bioinformatics Institute, Wellcome Genome Campus",908,"EMBL-EBI","National Physical Laboratory, Teddington, UK",2061,"NPLTU"
"2216","European Bioinformatics Institute, Wellcome Genome Campus",908,"EMBL-EBI","German BioImaging e.V., University of Konstanz, Konstanz, Germany",1133,"GBUOKKG"
"2315","European Bioinformatics Institute, Wellcome Genome Campus",908,"EMBL-EBI","University of Bristol, UK",3023,"UOBU"
"2515","European Bioinformatics Institute, Wellcome Genome Campus",908,"EMBL-EBI","GlaxoSmithKline (United Kingdom)",403,"GSK"
"1275","European Bioinformatics Institute, Wellcome Genome Campus",908,"EMBL-EBI","HUPO-PSI initiative: Molecular Interactions Working Group",1289,"HPIMIWG"
"1278","European Bioinformatics Institute, Wellcome Genome Campus",908,"EMBL-EBI","Human Proteome Organisation, Vancouver, BC, Canada",1282,"HPOVBC"
"4108","European Bioinformatics Institute, Wellcome Genome Campus",908,"EMBL-EBI","Proteomics Standards Initiative (PSI) - Human Proteomics Organisation (HUPO)",2380,"HUPO"
"2221","European Bioinformatics Institute, Wellcome Genome Campus",908,"EMBL-EBI","European Union, Serving Life-science Information for the Next Generation (SLING)",966,"SLING"
"1286","European Bioinformatics Institute, Wellcome Genome Campus",908,"EMBL-EBI","Faculty of Biology, Medicine and Health, University of Manchester",2517,"FOBMAHUOM"
"3153","European Bioinformatics Institute, Wellcome Genome Campus",908,"EMBL-EBI","SWO administrators",2691,"SA"
"583","European Bioinformatics Institute, Wellcome Genome Campus",908,"EMBL-EBI","Jisc, Bristol, UK",1600,"Jisc"
"663","European Bioinformatics Institute, Wellcome Genome Campus",908,"EMBL-EBI","Oxford e-Research Centre, Department of Engineering Science, University of Oxford, Oxford, UK",2281,"ORCDOESUOOOU"
"2225","European Bioinformatics Institute, Wellcome Genome Campus",908,"EMBL-EBI","International Council for the Exploration of the Sea (ICES), Copenhagen, Denmark",1483,"ICES"
"3154","European Bioinformatics Institute, Wellcome Genome Campus",908,"EMBL-EBI","The Flanders Marine Institute (VLIZ), Belgium",2777,"VLIZ"
"4112","European Bioinformatics Institute, Wellcome Genome Campus",908,"EMBL-EBI","French Research Institute for Exploitation of the Sea",1061,"IFREMER"
"664","European Bioinformatics Institute, Wellcome Genome Campus",908,"EMBL-EBI","University of Oxford",3112,"UOO"
"743","European Bioinformatics Institute, Wellcome Genome Campus",908,"EMBL-EBI","Max Planck Institute for Marine Microbiology (MPIMM), Bremen, Germany",1787,"MPIMM"
"930","European Bioinformatics Institute, Wellcome Genome Campus",908,"EMBL-EBI","Marine and Ocean Data Management (MARIS), Voorburg, The Netherlands",1757,"MARIS"
"1027","European Bioinformatics Institute, Wellcome Genome Campus",908,"EMBL-EBI","Departement de Biologie (IBENS), Ecole Normale Superieure, Paris, France",663,"IBENS"
"11103","European Bioinformatics Institute, Wellcome Genome Campus",908,"EMBL-EBI","Center for Marine Environmental Sciences (MARUM), University of Bremen, Bremen, Germany",427,"MARUM"
"1290","European Bioinformatics Institute, Wellcome Genome Campus",908,"EMBL-EBI","Semanticly Ltd",2542,"SL"
"2226","European Bioinformatics Institute, Wellcome Genome Campus",908,"EMBL-EBI","City, University of London",529,"CUOL"
"3155","European Bioinformatics Institute, Wellcome Genome Campus",908,"EMBL-EBI","Oregon State University, Corvallis, OR, United States",2271,"OSUCOUS"
"665","European Bioinformatics Institute, Wellcome Genome Campus",908,"EMBL-EBI","The Monarch Initiative",2804,"TMI"
"744","European Bioinformatics Institute, Wellcome Genome Campus",908,"EMBL-EBI","Berkeley BOP (BBOP), Lawrence Berkeley National Labs (LBNL), Berkeley, CA, USA",202,"BBOP"
"1291","European Bioinformatics Institute, Wellcome Genome Campus",908,"EMBL-EBI","Universit d'Aix-Marseille, Marseille, France",2980,"UAMMF"
"2227","European Bioinformatics Institute, Wellcome Genome Campus",908,"EMBL-EBI","Enveda Therapeutics",863,"ET"
"4114","European Bioinformatics Institute, Wellcome Genome Campus",908,"EMBL-EBI","University of Heidelberg, Germany",3062,"UOHG"
"586","European Bioinformatics Institute, Wellcome Genome Campus",908,"EMBL-EBI","University of Southern California",3125,"USC"
"745","European Bioinformatics Institute, Wellcome Genome Campus",908,"EMBL-EBI","University of Calabria",3026,"UOC"
"839","European Bioinformatics Institute, Wellcome Genome Campus",908,"EMBL-EBI","Bioinformatics and Computational Biology Unit, Molecular Genetics Laboratory, University of Rome Tor Vergata",679,"BACBUMGLUORTV"
"1028","European Bioinformatics Institute, Wellcome Genome Campus",908,"EMBL-EBI","Department of Medicine, University of California San Diego",725,"DOMUOCSD"
"11104","European Bioinformatics Institute, Wellcome Genome Campus",908,"EMBL-EBI","NTNU - Norwegian University of Science and Technology",2200,"NNUOSAT"
"1429","European Bioinformatics Institute, Wellcome Genome Campus",908,"EMBL-EBI","RWTH Aachen, Germany",2477,"RAG"
"1294","European Bioinformatics Institute, Wellcome Genome Campus",908,"EMBL-EBI","Barcelona Supercomputing Center (BSC), Barcelona, Spain",167,"BSC"
"2228","European Bioinformatics Institute, Wellcome Genome Campus",908,"EMBL-EBI","ELIXIR Norway",846,"EN"
"588","European Bioinformatics Institute, Wellcome Genome Campus",908,"EMBL-EBI","European Union (EU)",960,"EU"
"2232","European Bioinformatics Institute, Wellcome Genome Campus",908,"EMBL-EBI","International Nucleotide Sequence Database Collaboration (INSDC)",1504,"INSDC"
"3161","European Bioinformatics Institute, Wellcome Genome Campus",908,"EMBL-EBI","Bioinformation and DDBJ Center",252,"BADC"
"589","European Bioinformatics Institute, Wellcome Genome Campus",908,"EMBL-EBI","Centre for Therapeutic Target Validation, Cambridge, UK",471,"CFTTVCU"
"747","European Bioinformatics Institute, Wellcome Genome Campus",908,"EMBL-EBI","EU-ToxRisk",970,"ET"
"2235","European Bioinformatics Institute, Wellcome Genome Campus",908,"EMBL-EBI","ReCoDID",3376,"R"
"4120","European Bioinformatics Institute, Wellcome Genome Campus",908,"EMBL-EBI","ELIXIR Europe",841,"EE"
"2236","European Bioinformatics Institute, Wellcome Genome Campus",908,"EMBL-EBI","Plazi",3378,"P"
"3165","European Bioinformatics Institute, Wellcome Genome Campus",908,"EMBL-EBI","Pensoft Publishers",2305,"PP"
"4121","European Bioinformatics Institute, Wellcome Genome Campus",908,"EMBL-EBI","Naturalis Biodiversity Center",2094,"NBC"
"671","European Bioinformatics Institute, Wellcome Genome Campus",908,"EMBL-EBI","University of Tartu, Estonia",3132,"UOTE"
"842","European Bioinformatics Institute, Wellcome Genome Campus",908,"EMBL-EBI","LifeWatch ERIC",1717,"LE"
"934","European Bioinformatics Institute, Wellcome Genome Campus",908,"EMBL-EBI","Consortium of European Taxonomic Facilities",3380,"CETAF"
"1030","European Bioinformatics Institute, Wellcome Genome Campus",908,"EMBL-EBI","Meise Botanic Garden",3379,"c(""Plantentuin Meise"", ""MBG"")"
"11106","European Bioinformatics Institute, Wellcome Genome Campus",908,"EMBL-EBI","Botanic Garden and Botanical Museum Berlin-Dahlem (BGBM), Germany",302,"BGBM"
"1430","European Bioinformatics Institute, Wellcome Genome Campus",908,"EMBL-EBI","Stichting TDWG Europe",3385,"STE"
"1304","Stichting TDWG Europe",3385,"STE","European Organisation for Nuclear Research (CERN), Geneva, Switzerland",947,"CERN"
"2237","Stichting TDWG Europe",3385,"STE","Plazi",3378,"P"
"3166","Stichting TDWG Europe",3385,"STE","Pensoft Publishers",2305,"PP"
"4122","Stichting TDWG Europe",3385,"STE","Naturalis Biodiversity Center",2094,"NBC"
"592","Stichting TDWG Europe",3385,"STE","Species 2000 Secretariat, Naturalis Biodiversity Center, Leiden, The Netherlands",2614,"SSNBCLTN"
"672","Stichting TDWG Europe",3385,"STE","University of Tartu, Estonia",3132,"UOTE"
"749","Stichting TDWG Europe",3385,"STE","Global Biodiversity Information Facility",1166,"GBIF"
"843","Stichting TDWG Europe",3385,"STE","LifeWatch ERIC",1717,"LE"
"935","Stichting TDWG Europe",3385,"STE","Consortium of European Taxonomic Facilities",3380,"CETAF"
"1031","Stichting TDWG Europe",3385,"STE","Meise Botanic Garden",3379,"c(""Plantentuin Meise"", ""MBG"")"
"11107","Stichting TDWG Europe",3385,"STE","Botanic Garden and Botanical Museum Berlin-Dahlem (BGBM), Germany",302,"BGBM"
"12101","Stichting TDWG Europe",3385,"STE","Swiss Institute of Bioinformatics",2682,"SIB"
"1331","Stichting TDWG Europe",3385,"STE","European Bioinformatics Institute, Wellcome Genome Campus",908,"EMBL-EBI"
"1305","Stichting TDWG Europe",3385,"STE","International Working Group on Taxonomic Databases",3384,"IWGOTD"
