"","organisation_name.x","organisation_id.x","organisation_abbr.x","organisation_name.y","organisation_id.y","organisation_abbr.y"
"1","Species 2000 Secretariat, Naturalis Biodiversity Center, Leiden, The Netherlands",2614,"SSNBCLTN","European Bioinformatics Institute, Wellcome Genome Campus",908,"EMBL-EBI"
"2","Species 2000 Secretariat, Naturalis Biodiversity Center, Leiden, The Netherlands",2614,"SSNBCLTN","Swiss National Science Foundation",2684,"SNSF"
"4","Species 2000 Secretariat, Naturalis Biodiversity Center, Leiden, The Netherlands",2614,"SSNBCLTN","TDWG Consortium",2712,"TC"
"5","Species 2000 Secretariat, Naturalis Biodiversity Center, Leiden, The Netherlands",2614,"SSNBCLTN","Swiss Institute of Bioinformatics",2682,"SIB"
"6","Species 2000 Secretariat, Naturalis Biodiversity Center, Leiden, The Netherlands",2614,"SSNBCLTN","European Organisation for Nuclear Research (CERN), Geneva, Switzerland",947,"CERN"
"7","Species 2000 Secretariat, Naturalis Biodiversity Center, Leiden, The Netherlands",2614,"SSNBCLTN","India Alliance DBT Wellcome",1325,"IADW"
"8","Species 2000 Secretariat, Naturalis Biodiversity Center, Leiden, The Netherlands",2614,"SSNBCLTN","Medical Research Council",1812,"MRC"
"9","Species 2000 Secretariat, Naturalis Biodiversity Center, Leiden, The Netherlands",2614,"SSNBCLTN","MS Society",1908,"MS"
"10","Species 2000 Secretariat, Naturalis Biodiversity Center, Leiden, The Netherlands",2614,"SSNBCLTN","Worldwide Cancer Research",3259,"WCR"
"11","Species 2000 Secretariat, Naturalis Biodiversity Center, Leiden, The Netherlands",2614,"SSNBCLTN","Global Biodiversity Information Facility",1166,"GBIF"
"12","Species 2000 Secretariat, Naturalis Biodiversity Center, Leiden, The Netherlands",2614,"SSNBCLTN","Cancer Research UK Manchester Institute",368,"CRUMI"
"13","Species 2000 Secretariat, Naturalis Biodiversity Center, Leiden, The Netherlands",2614,"SSNBCLTN","The Dunhill Medical Trust",2766,"TDMT"
"14","Species 2000 Secretariat, Naturalis Biodiversity Center, Leiden, The Netherlands",2614,"SSNBCLTN","Telethon Foundation",2727,"Fondazione Telethon"
"15","Species 2000 Secretariat, Naturalis Biodiversity Center, Leiden, The Netherlands",2614,"SSNBCLTN","Blood Cancer UK",287,"BCU"
"16","Species 2000 Secretariat, Naturalis Biodiversity Center, Leiden, The Netherlands",2614,"SSNBCLTN","Chief Scientist Office",503,"CSO"
"17","Species 2000 Secretariat, Naturalis Biodiversity Center, Leiden, The Netherlands",2614,"SSNBCLTN","Motor Neuron Disease Association",1899,"MNDA"
"18","Species 2000 Secretariat, Naturalis Biodiversity Center, Leiden, The Netherlands",2614,"SSNBCLTN","Prostate Cancer UK",2373,"PCU"
"19","Species 2000 Secretariat, Naturalis Biodiversity Center, Leiden, The Netherlands",2614,"SSNBCLTN","Austrian Science Fund (FWF), Austria",154,"FWF"
"20","Species 2000 Secretariat, Naturalis Biodiversity Center, Leiden, The Netherlands",2614,"SSNBCLTN","Action on Hearing Loss",21,"AOHL"
"21","Species 2000 Secretariat, Naturalis Biodiversity Center, Leiden, The Netherlands",2614,"SSNBCLTN","The Academy of Medical Sciences",2741,"TAOMS"
"22","Species 2000 Secretariat, Naturalis Biodiversity Center, Leiden, The Netherlands",2614,"SSNBCLTN","Parkinson's Disease UK (PDUK)",2290,"PDUK"
"23","Species 2000 Secretariat, Naturalis Biodiversity Center, Leiden, The Netherlands",2614,"SSNBCLTN","Breast Cancer Now",307,"BCN"
"24","Species 2000 Secretariat, Naturalis Biodiversity Center, Leiden, The Netherlands",2614,"SSNBCLTN","Arthritis Research UK",115,"ARU"
"25","Species 2000 Secretariat, Naturalis Biodiversity Center, Leiden, The Netherlands",2614,"SSNBCLTN","National Centre for the Replacement, Refinement and Reduction of Animals in Research (NC3Rs), London, UK",1975,"NC3Rs"
"26","Species 2000 Secretariat, Naturalis Biodiversity Center, Leiden, The Netherlands",2614,"SSNBCLTN","World Health Organization (WHO)",3252,"WHO"
"27","Species 2000 Secretariat, Naturalis Biodiversity Center, Leiden, The Netherlands",2614,"SSNBCLTN","National Institute for Health Research",2003,"NIHR"
"28","Species 2000 Secretariat, Naturalis Biodiversity Center, Leiden, The Netherlands",2614,"SSNBCLTN","Myrovlytis Trust",1924,"MT"
"29","Species 2000 Secretariat, Naturalis Biodiversity Center, Leiden, The Netherlands",2614,"SSNBCLTN","Diabetes UK",757,"DU"
"30","Species 2000 Secretariat, Naturalis Biodiversity Center, Leiden, The Netherlands",2614,"SSNBCLTN","The British Heart Foundation",2747,"TBHF"
"31","Species 2000 Secretariat, Naturalis Biodiversity Center, Leiden, The Netherlands",2614,"SSNBCLTN","The European Research Council (ERC)",2772,"ERC"
"32","Species 2000 Secretariat, Naturalis Biodiversity Center, Leiden, The Netherlands",2614,"SSNBCLTN","Alzheimers Society",67,"AS"
"33","Species 2000 Secretariat, Naturalis Biodiversity Center, Leiden, The Netherlands",2614,"SSNBCLTN","The Wellcome Trust",2854,"TWT"
"34","Species 2000 Secretariat, Naturalis Biodiversity Center, Leiden, The Netherlands",2614,"SSNBCLTN","Biotechnology and Biological Sciences Research Council",278,"BBSRC"
"35","Species 2000 Secretariat, Naturalis Biodiversity Center, Leiden, The Netherlands",2614,"SSNBCLTN","Marie Curie",1752,"MC"
"37","Species 2000 Secretariat, Naturalis Biodiversity Center, Leiden, The Netherlands",2614,"SSNBCLTN","Plazi",3378,"P"
"38","Species 2000 Secretariat, Naturalis Biodiversity Center, Leiden, The Netherlands",2614,"SSNBCLTN","Pensoft Publishers",2305,"PP"
"39","Species 2000 Secretariat, Naturalis Biodiversity Center, Leiden, The Netherlands",2614,"SSNBCLTN","Naturalis Biodiversity Center",2094,"NBC"
"41","Species 2000 Secretariat, Naturalis Biodiversity Center, Leiden, The Netherlands",2614,"SSNBCLTN","University of Tartu, Estonia",3132,"UOTE"
"43","Species 2000 Secretariat, Naturalis Biodiversity Center, Leiden, The Netherlands",2614,"SSNBCLTN","LifeWatch ERIC",1717,"LE"
"44","Species 2000 Secretariat, Naturalis Biodiversity Center, Leiden, The Netherlands",2614,"SSNBCLTN","Consortium of European Taxonomic Facilities",3380,"CETAF"
"45","Species 2000 Secretariat, Naturalis Biodiversity Center, Leiden, The Netherlands",2614,"SSNBCLTN","Meise Botanic Garden",3379,"c(""Plantentuin Meise"", ""MBG"")"
"46","Species 2000 Secretariat, Naturalis Biodiversity Center, Leiden, The Netherlands",2614,"SSNBCLTN","Botanic Garden and Botanical Museum Berlin-Dahlem (BGBM), Germany",302,"BGBM"
"49","Species 2000 Secretariat, Naturalis Biodiversity Center, Leiden, The Netherlands",2614,"SSNBCLTN","Stichting TDWG Europe",3385,"STE"
"53","Species 2000 Secretariat, Naturalis Biodiversity Center, Leiden, The Netherlands",2614,"SSNBCLTN","Biodiversity Institute of Ontario, University of Guelph, Guelph, ON, Canada",229,"BIOOUOGGOC"
"55","Species 2000 Secretariat, Naturalis Biodiversity Center, Leiden, The Netherlands",2614,"SSNBCLTN","International Barcode of Life",3476,"IBOL"
"56","Species 2000 Secretariat, Naturalis Biodiversity Center, Leiden, The Netherlands",2614,"SSNBCLTN","Government of Ontario",3478,"GOO"
"57","Species 2000 Secretariat, Naturalis Biodiversity Center, Leiden, The Netherlands",2614,"SSNBCLTN","Canada First Research Excellence Fund",3477,"CFREF"
"58","Species 2000 Secretariat, Naturalis Biodiversity Center, Leiden, The Netherlands",2614,"SSNBCLTN","Canada Foundation for Innovation",354,"CFFI"
"59","Species 2000 Secretariat, Naturalis Biodiversity Center, Leiden, The Netherlands",2614,"SSNBCLTN","Natural Sciences and Engineering Research Council of Canada",2101,"NSERC"
"62","Species 2000 Secretariat, Naturalis Biodiversity Center, Leiden, The Netherlands",2614,"SSNBCLTN","European Union (EU)",960,"EU"
