"","organisation_name.x","organisation_id.x","organisation_abbr.x","organisation_name.y","organisation_id.y","organisation_abbr.y"
"2","European Bioinformatics Institute, Wellcome Genome Campus",908,"EMBL-EBI","European Molecular Biology Laboratory",941,"EMBL"
"3","European Bioinformatics Institute, Wellcome Genome Campus",908,"EMBL-EBI","The Wellcome Trust",2854,"TWT"
"4","European Bioinformatics Institute, Wellcome Genome Campus",908,"EMBL-EBI","National Human Genome Research Institute",1998,"NHGRI"
"5","European Bioinformatics Institute, Wellcome Genome Campus",908,"EMBL-EBI","EuroKUP COST Action",904,"ECA"
"6","European Bioinformatics Institute, Wellcome Genome Campus",908,"EMBL-EBI","Stockholm University, Sweden",2645,"SUS"
"7","European Bioinformatics Institute, Wellcome Genome Campus",908,"EMBL-EBI","The Wellcome Trust Sanger Institute, Wellcome Trust Genome Campus, Cambridge, UK",2853,"TWTSIWTGCCU"
"8","European Bioinformatics Institute, Wellcome Genome Campus",908,"EMBL-EBI","Howard Hughes Medical Institute",1267,"HHMI"
"9","European Bioinformatics Institute, Wellcome Genome Campus",908,"EMBL-EBI","Department of Molecular and Cell Biology, Harvard University, Cambridge, USA",727,"DOMACBHUCU"
"10","European Bioinformatics Institute, Wellcome Genome Campus",908,"EMBL-EBI","European Comission Horizon 2020",912,"ECH"
"11","European Bioinformatics Institute, Wellcome Genome Campus",908,"EMBL-EBI","Biotechnology and Biological Sciences Research Council",278,"BBSRC"
"13","European Bioinformatics Institute, Wellcome Genome Campus",908,"EMBL-EBI","European Commission FP7",920,"EMBL-EBI"
"14","European Bioinformatics Institute, Wellcome Genome Campus",908,"EMBL-EBI","Swiss Institute of Bioinformatics",2682,"SIB"
"15","European Bioinformatics Institute, Wellcome Genome Campus",908,"EMBL-EBI","The Swiss Initiative in Systems Biology (SystemsX.ch), Zurich, Switzerland",2839,"SystemsX.ch"
"16","European Bioinformatics Institute, Wellcome Genome Campus",908,"EMBL-EBI","ELIXIR",839,"E"
"17","European Bioinformatics Institute, Wellcome Genome Campus",908,"EMBL-EBI","State Secretariat for Education, Research and Innovation",2635,"SERI"
"19","European Bioinformatics Institute, Wellcome Genome Campus",908,"EMBL-EBI","National Institutes of Health",2035,"NIH"
"22","European Bioinformatics Institute, Wellcome Genome Campus",908,"EMBL-EBI","Cambridge Systems Biology Centre, University of Cambridge, Cambridge, UK",351,"CSBCUOCCU"
"23","European Bioinformatics Institute, Wellcome Genome Campus",908,"EMBL-EBI","Medical Research Council",1812,"MRC"
"25","European Bioinformatics Institute, Wellcome Genome Campus",908,"EMBL-EBI","Swiss National Science Foundation",2684,"SNSF"
"26","European Bioinformatics Institute, Wellcome Genome Campus",908,"EMBL-EBI","Species 2000 Secretariat, Naturalis Biodiversity Center, Leiden, The Netherlands",2614,"SSNBCLTN"
"27","European Bioinformatics Institute, Wellcome Genome Campus",908,"EMBL-EBI","TDWG Consortium",2712,"TC"
"29","European Bioinformatics Institute, Wellcome Genome Campus",908,"EMBL-EBI","European Organisation for Nuclear Research (CERN), Geneva, Switzerland",947,"CERN"
"30","European Bioinformatics Institute, Wellcome Genome Campus",908,"EMBL-EBI","India Alliance DBT Wellcome",1325,"IADW"
"32","European Bioinformatics Institute, Wellcome Genome Campus",908,"EMBL-EBI","MS Society",1908,"MS"
"33","European Bioinformatics Institute, Wellcome Genome Campus",908,"EMBL-EBI","Worldwide Cancer Research",3259,"WCR"
"34","European Bioinformatics Institute, Wellcome Genome Campus",908,"EMBL-EBI","Global Biodiversity Information Facility",1166,"GBIF"
"35","European Bioinformatics Institute, Wellcome Genome Campus",908,"EMBL-EBI","Cancer Research UK Manchester Institute",368,"CRUMI"
"36","European Bioinformatics Institute, Wellcome Genome Campus",908,"EMBL-EBI","The Dunhill Medical Trust",2766,"TDMT"
"37","European Bioinformatics Institute, Wellcome Genome Campus",908,"EMBL-EBI","Telethon Foundation",2727,"Fondazione Telethon"
"38","European Bioinformatics Institute, Wellcome Genome Campus",908,"EMBL-EBI","Blood Cancer UK",287,"BCU"
"39","European Bioinformatics Institute, Wellcome Genome Campus",908,"EMBL-EBI","Chief Scientist Office",503,"CSO"
"40","European Bioinformatics Institute, Wellcome Genome Campus",908,"EMBL-EBI","Motor Neuron Disease Association",1899,"MNDA"
"41","European Bioinformatics Institute, Wellcome Genome Campus",908,"EMBL-EBI","Prostate Cancer UK",2373,"PCU"
"42","European Bioinformatics Institute, Wellcome Genome Campus",908,"EMBL-EBI","Austrian Science Fund (FWF), Austria",154,"FWF"
"43","European Bioinformatics Institute, Wellcome Genome Campus",908,"EMBL-EBI","Action on Hearing Loss",21,"AOHL"
"44","European Bioinformatics Institute, Wellcome Genome Campus",908,"EMBL-EBI","The Academy of Medical Sciences",2741,"TAOMS"
"45","European Bioinformatics Institute, Wellcome Genome Campus",908,"EMBL-EBI","Parkinson's Disease UK (PDUK)",2290,"PDUK"
"46","European Bioinformatics Institute, Wellcome Genome Campus",908,"EMBL-EBI","Breast Cancer Now",307,"BCN"
"47","European Bioinformatics Institute, Wellcome Genome Campus",908,"EMBL-EBI","Arthritis Research UK",115,"ARU"
"48","European Bioinformatics Institute, Wellcome Genome Campus",908,"EMBL-EBI","National Centre for the Replacement, Refinement and Reduction of Animals in Research (NC3Rs), London, UK",1975,"NC3Rs"
"49","European Bioinformatics Institute, Wellcome Genome Campus",908,"EMBL-EBI","World Health Organization (WHO)",3252,"WHO"
"50","European Bioinformatics Institute, Wellcome Genome Campus",908,"EMBL-EBI","National Institute for Health Research",2003,"NIHR"
"51","European Bioinformatics Institute, Wellcome Genome Campus",908,"EMBL-EBI","Myrovlytis Trust",1924,"MT"
"52","European Bioinformatics Institute, Wellcome Genome Campus",908,"EMBL-EBI","Diabetes UK",757,"DU"
"53","European Bioinformatics Institute, Wellcome Genome Campus",908,"EMBL-EBI","The British Heart Foundation",2747,"TBHF"
"54","European Bioinformatics Institute, Wellcome Genome Campus",908,"EMBL-EBI","The European Research Council (ERC)",2772,"ERC"
"55","European Bioinformatics Institute, Wellcome Genome Campus",908,"EMBL-EBI","Alzheimers Society",67,"AS"
"58","European Bioinformatics Institute, Wellcome Genome Campus",908,"EMBL-EBI","Marie Curie",1752,"MC"
"62","European Bioinformatics Institute, Wellcome Genome Campus",908,"EMBL-EBI","International Union of Biochemistry and Molecular Biology (IUBMB)",1533,"IUBMB"
"78","European Bioinformatics Institute, Wellcome Genome Campus",908,"EMBL-EBI","ELIXIR Czech Republic",840,"ECR"
"80","European Bioinformatics Institute, Wellcome Genome Campus",908,"EMBL-EBI","Institute of Structural and Molecular Biology, University College London, London, UK",1438,"IOSAMBUCLLU"
"82","European Bioinformatics Institute, Wellcome Genome Campus",908,"EMBL-EBI","Multimodal and Functional Imaging Laboratory, Central European Institute of Technology (CEITEC), Brno, Czech Republic",1912,"CEITEC"
"84","European Bioinformatics Institute, Wellcome Genome Campus",908,"EMBL-EBI","Chinese Governement Scholarship",2267,"CGS"
"91","European Bioinformatics Institute, Wellcome Genome Campus",908,"EMBL-EBI","Systems Microscopy Network of Excellence, European Union",2697,"SMNOEEU"
"93","European Bioinformatics Institute, Wellcome Genome Campus",908,"EMBL-EBI","EU FP7 BioMedBridges",888,"EFB"
"95","European Bioinformatics Institute, Wellcome Genome Campus",908,"EMBL-EBI","Baylor College of Medicine",178,"BCM"
"96","European Bioinformatics Institute, Wellcome Genome Campus",908,"EMBL-EBI","Institute for Systems Biology",1396,"ISB"
"97","European Bioinformatics Institute, Wellcome Genome Campus",908,"EMBL-EBI","Institute of Systems, Molecular and Integrative Biology, University of Liverpool",1420,"ISMIB"
"98","European Bioinformatics Institute, Wellcome Genome Campus",908,"EMBL-EBI","HUPO-PSI initiative; Proteomics informatics working group",1290,"HPIPIWG"
"99","European Bioinformatics Institute, Wellcome Genome Campus",908,"EMBL-EBI","Ghent University",1152,"GU"
"100","European Bioinformatics Institute, Wellcome Genome Campus",908,"EMBL-EBI","Department of Epidemiology and Biostatistics, University of Texas Health Science Center at San Antonio",707,"DOEABUOTHSCASA"
"101","European Bioinformatics Institute, Wellcome Genome Campus",908,"EMBL-EBI","New York University Grossman School of Medicine",2154,"NYUGSOM"
"103","European Bioinformatics Institute, Wellcome Genome Campus",908,"EMBL-EBI","GEN2PHEN",1098,"G"
"104","European Bioinformatics Institute, Wellcome Genome Campus",908,"EMBL-EBI","EMERALD Publishing Limited, Bingley, UK",854,"EPLBU"
"106","European Bioinformatics Institute, Wellcome Genome Campus",908,"EMBL-EBI","European Commission",915,"EC"
"107","European Bioinformatics Institute, Wellcome Genome Campus",908,"EMBL-EBI","Euro-BioImaging",3330,"EB"
"109","European Bioinformatics Institute, Wellcome Genome Campus",908,"EMBL-EBI","University of Dundee, Scotland, UK",3049,"UODSU"
"110","European Bioinformatics Institute, Wellcome Genome Campus",908,"EMBL-EBI","EOSC-Life",873,"EL"
"113","European Bioinformatics Institute, Wellcome Genome Campus",908,"EMBL-EBI","National Institute of General Medical Sciences",2018,"NIGMS"
"117","European Bioinformatics Institute, Wellcome Genome Campus",908,"EMBL-EBI","National Center for Research Resources (NCRR), National Institutes of Health, Bethesda, MD, USA",1970,"NCRR"
"119","European Bioinformatics Institute, Wellcome Genome Campus",908,"EMBL-EBI","Unilever Centre for Molecular Science Informatics, Department of Chemistry, University of Cambridge Lensfield Road, Cambridge, CB2 1EW, UK",2914,"UCFMSIDOCUOCLRCCU"
"121","European Bioinformatics Institute, Wellcome Genome Campus",908,"EMBL-EBI","THOR, European Union",2858,"TEU"
"125","European Bioinformatics Institute, Wellcome Genome Campus",908,"EMBL-EBI","FAIRplus",993,"F"
"126","European Bioinformatics Institute, Wellcome Genome Campus",908,"EMBL-EBI","NIH Common Fund, USA",2161,"NCFU"
"127","European Bioinformatics Institute, Wellcome Genome Campus",908,"EMBL-EBI","The CORBEL Project",2761,"TCP"
"128","European Bioinformatics Institute, Wellcome Genome Campus",908,"EMBL-EBI","Freya Project, European Union",1062,"FPEU"
"129","European Bioinformatics Institute, Wellcome Genome Campus",908,"EMBL-EBI","ELIXIR-UK",843,"EU"
"130","European Bioinformatics Institute, Wellcome Genome Campus",908,"EMBL-EBI","HLA Informatics Group, Anthony Nolan Research Institute, London, UK",1254,"HIGANRILU"
"132","European Bioinformatics Institute, Wellcome Genome Campus",908,"EMBL-EBI","The Fifth Framework Infrastructures program, European Commission",2776,"TFFIPEC"
"133","European Bioinformatics Institute, Wellcome Genome Campus",908,"EMBL-EBI","National Library of Medicine",2045,"NLM"
"134","European Bioinformatics Institute, Wellcome Genome Campus",908,"EMBL-EBI","SBML Community",2498,"SC"
"138","European Bioinformatics Institute, Wellcome Genome Campus",908,"EMBL-EBI","BBSRC Babraham Institute, Cambridge, UK",183,"BBICU"
"139","European Bioinformatics Institute, Wellcome Genome Campus",908,"EMBL-EBI","Innovative Medicines Initiative, Europe",1358,"IMI"
"143","European Bioinformatics Institute, Wellcome Genome Campus",908,"EMBL-EBI","wwPDB",3263,"W"
"144","European Bioinformatics Institute, Wellcome Genome Campus",908,"EMBL-EBI","Engineering and Physical Sciences Research Council (EPSRC), UK",862,"EPSRC"
"146","European Bioinformatics Institute, Wellcome Genome Campus",908,"EMBL-EBI","Midwest Center for Structural Genomics, USA",1836,"MCFSGU"
"148","European Bioinformatics Institute, Wellcome Genome Campus",908,"EMBL-EBI","Office of Biological and Environmental Research",2943,"OOBAER"
"149","European Bioinformatics Institute, Wellcome Genome Campus",908,"EMBL-EBI","Oxford Nanopore Technologies, Oxford, UK",2282,"ONTOU"
"150","European Bioinformatics Institute, Wellcome Genome Campus",908,"EMBL-EBI","UK Biotechnology and Biological Sciences Research Council - RNA Central",2894,"UBABSRCRC"
"154","European Bioinformatics Institute, Wellcome Genome Campus",908,"EMBL-EBI","The Gordon and Betty Moore Foundation, USA",2782,"TGABMFU"
"155","European Bioinformatics Institute, Wellcome Genome Campus",908,"EMBL-EBI","Horizon 2020 Programme of the European Union - EMBRIC",1262,"HPOTEUE"
"156","European Bioinformatics Institute, Wellcome Genome Campus",908,"EMBL-EBI","Horizon 2020 Programme of the European Union - ENVRI+",1263,"HPOTEUE"
"157","European Bioinformatics Institute, Wellcome Genome Campus",908,"EMBL-EBI","UK Biotechnology and Biological Sciences Research Council - Metagenomics Portal",2892,"UBABSRCMP"
"158","European Bioinformatics Institute, Wellcome Genome Campus",908,"EMBL-EBI","Horizon 2020 Programme of the European Union - COMPARE",1261,"HPOTEUC"
"159","European Bioinformatics Institute, Wellcome Genome Campus",908,"EMBL-EBI","Horizon 2020 Programme of the European Union - EXCELERATE",1264,"HPOTEUE"
"161","European Bioinformatics Institute, Wellcome Genome Campus",908,"EMBL-EBI","European Patent Office",949,"EPO"
"172","European Bioinformatics Institute, Wellcome Genome Campus",908,"EMBL-EBI","National Science Foundation",2071,"NSF"
"178","European Bioinformatics Institute, Wellcome Genome Campus",908,"EMBL-EBI","European Commission CORDIS FP5",916,"ECCF"
"180","European Bioinformatics Institute, Wellcome Genome Campus",908,"EMBL-EBI","National Institute for Biological Standards and Control (NIBSC), Potters Bar, UK",2001,"NIBSC"
"181","European Bioinformatics Institute, Wellcome Genome Campus",908,"EMBL-EBI","Anthony Nolan Research Institute, London, UK",100,"ANRILU"
"185","European Bioinformatics Institute, Wellcome Genome Campus",908,"EMBL-EBI","University of Cambridge",352,"UOC"
"187","European Bioinformatics Institute, Wellcome Genome Campus",908,"EMBL-EBI","Stanford University School of Medicine, CA, USA",2625,"SUSOMCU"
"189","European Bioinformatics Institute, Wellcome Genome Campus",908,"EMBL-EBI","University of Minnesota, Minneapolis, MN 55455, USA",3097,"UOMMMU"
"191","European Bioinformatics Institute, Wellcome Genome Campus",908,"EMBL-EBI","The Pirbright Institute, Woking, UK",2819,"TPIWU"
"201","European Bioinformatics Institute, Wellcome Genome Campus",908,"EMBL-EBI","National Institute of Allergy and Infectious Diseases (NIAID), National Institutes of Health (NIH), Bethesda, MD, USA",2009,"NIH"
"204","European Bioinformatics Institute, Wellcome Genome Campus",908,"EMBL-EBI","MRC Laboratory of Molecular Biology (LMB), Cambridge, UK",1904,"LMB"
"207","European Bioinformatics Institute, Wellcome Genome Campus",908,"EMBL-EBI","Comparative Genomics Group (CRG), Spain",571,"CRG"
"208","European Bioinformatics Institute, Wellcome Genome Campus",908,"EMBL-EBI","Ministerio de Asuntos Economicos y Transformacion Digital",1852,"MDAETD"
"210","European Bioinformatics Institute, Wellcome Genome Campus",908,"EMBL-EBI","Spanish Instituto de Salud Carlos III Instituto Nacional de Bioinformatica",2608,"SIDSCIINDB"
"212","European Bioinformatics Institute, Wellcome Genome Campus",908,"EMBL-EBI","Centro de Excelencia Severo Ochoa, Madrid, Spain",479,"CDESOMS"
"213","European Bioinformatics Institute, Wellcome Genome Campus",908,"EMBL-EBI","Ontario Institute For Cancer Research (OICR), Toronto, ON, Canada",2246,"OICR"
"215","European Bioinformatics Institute, Wellcome Genome Campus",908,"EMBL-EBI","New York University Langone Medical Center (NYULMC), New York, USA",2155,"NYULMC"
"216","European Bioinformatics Institute, Wellcome Genome Campus",908,"EMBL-EBI","Oregon Health & Science University (OHSU), USA",2270,"OHSU"
"217","European Bioinformatics Institute, Wellcome Genome Campus",908,"EMBL-EBI","University of Delaware, USA",3047,"UODU"
"220","European Bioinformatics Institute, Wellcome Genome Campus",908,"EMBL-EBI","Georgetown University Medical Center , Georgetown University, Washington DC, USA",1129,"GUMCGUWDU"
"222","European Bioinformatics Institute, Wellcome Genome Campus",908,"EMBL-EBI","Manchester Center for Integrative Systems Biology, Manchester, UK",1749,"MCFISBMU"
"224","European Bioinformatics Institute, Wellcome Genome Campus",908,"EMBL-EBI","University of Manchester, UK",3086,"UOMU"
"225","European Bioinformatics Institute, Wellcome Genome Campus",908,"EMBL-EBI","IMPACT Europe",1318,"IMPACT"
"227","European Bioinformatics Institute, Wellcome Genome Campus",908,"EMBL-EBI","European FP7 EMBRACE project",933,"EFEP"
"228","European Bioinformatics Institute, Wellcome Genome Campus",908,"EMBL-EBI","Research Collaboratory for Structural Bioinformatics (RCSB)",2423,"RCSB"
"231","European Bioinformatics Institute, Wellcome Genome Campus",908,"EMBL-EBI","Instruct-ERIC",3342,"IE"
"232","European Bioinformatics Institute, Wellcome Genome Campus",908,"EMBL-EBI","Protein Data Bank in Europe, European Bioinformatics Institute (EMBL-EBI) European Molecular Biology Laboratory",2374,"EMBL-EBI"
"234","European Bioinformatics Institute, Wellcome Genome Campus",908,"EMBL-EBI","UK Science & Innovation Network in Japan",2899,"UK SIN Japan"
"238","European Bioinformatics Institute, Wellcome Genome Campus",908,"EMBL-EBI","National Center for Protein Sciences, Beijing",1968,"NCFPSB"
"239","European Bioinformatics Institute, Wellcome Genome Campus",908,"EMBL-EBI","University of Washington, USA",3150,"UOWU"
"242","European Bioinformatics Institute, Wellcome Genome Campus",908,"EMBL-EBI","University of California San Diego",3033,"UC San Diego"
"243","European Bioinformatics Institute, Wellcome Genome Campus",908,"EMBL-EBI","National Institute of Biomedical Imaging and Bioengineering (NIBIB), Bethesda, MD, USA",2011,"NIBIB"
"245","European Bioinformatics Institute, Wellcome Genome Campus",908,"EMBL-EBI","Russian Foundation for Basic Research",2474,"RFBR"
"249","European Bioinformatics Institute, Wellcome Genome Campus",908,"EMBL-EBI","InnovateUK",1353,"I"
"251","European Bioinformatics Institute, Wellcome Genome Campus",908,"EMBL-EBI","Genetic European Variation in Disease (GEUVADIS)",1104,"GEUVADIS"
"254","European Bioinformatics Institute, Wellcome Genome Campus",908,"EMBL-EBI","Principe Felipe Research Centre Computational Genomics Department (CIPF)",2358,"CIPF"
"258","European Bioinformatics Institute, Wellcome Genome Campus",908,"EMBL-EBI","Bill and Melinda Gates Foundation, Seattle, Washington, USA",217,"BAMGFSWU"
"273","European Bioinformatics Institute, Wellcome Genome Campus",908,"EMBL-EBI","National Cancer Institute (NCI), National Institutes of Health (NIH), Bethesda, USA",1954,"NIH"
"275","European Bioinformatics Institute, Wellcome Genome Campus",908,"EMBL-EBI","The Jackson Laboratory",2792,"TJL"
"294","European Bioinformatics Institute, Wellcome Genome Campus",908,"EMBL-EBI","Health Data Research UK",1222,"HDRU"
"295","European Bioinformatics Institute, Wellcome Genome Campus",908,"EMBL-EBI","Baker Heart and Diabetes Institute",161,"BHADI"
"300","European Bioinformatics Institute, Wellcome Genome Campus",908,"EMBL-EBI","Infrafrontier Research Infrastructure, Infrafrontier",1347,"IRII"
"301","European Bioinformatics Institute, Wellcome Genome Campus",908,"EMBL-EBI","Science Foundation Ireland",2520,"SFI"
"304","European Bioinformatics Institute, Wellcome Genome Campus",908,"EMBL-EBI","Conway Institute of Biomolecular and Biomedical Research, University College Dublin, Belfield, Ireland",608,"CIOBABRUCDBI"
"311","European Bioinformatics Institute, Wellcome Genome Campus",908,"EMBL-EBI","Functional Annotation of Animal Genomes (FAANG) Administrators",1069,"FAANG"
"316","European Bioinformatics Institute, Wellcome Genome Campus",908,"EMBL-EBI","Large Scale Genomics Work Streams, Global Alliance for Genomics and Health (GA4GH)",1688,"GA4GH"
"319","European Bioinformatics Institute, Wellcome Genome Campus",908,"EMBL-EBI","National Center for Biotechnology Information",1960,"NCBI"
"320","European Bioinformatics Institute, Wellcome Genome Campus",908,"EMBL-EBI","National Institute of Genetics (NIG), Shizuoka, Japan",2019,"NIG"
"329","European Bioinformatics Institute, Wellcome Genome Campus",908,"EMBL-EBI","Harvard University, Cambridge, MA, USA",1216,"HUCMU"
"331","European Bioinformatics Institute, Wellcome Genome Campus",908,"EMBL-EBI","University of Massachusetts Medical School, USA",3089,"UOMMSU"
"332","European Bioinformatics Institute, Wellcome Genome Campus",908,"EMBL-EBI","Stanford University, CA, USA",2623,"SUCU"
"333","European Bioinformatics Institute, Wellcome Genome Campus",908,"EMBL-EBI","RIKEN Center for Biosystems Dynamics Research",2443,"RIKEN BDR"
"334","European Bioinformatics Institute, Wellcome Genome Campus",908,"EMBL-EBI","Janssen, Belgium",1584,"JB"
"335","European Bioinformatics Institute, Wellcome Genome Campus",908,"EMBL-EBI","University of Leuven (KU Leuven), Leuven, Belgium",3080,"KU Leuven"
"336","European Bioinformatics Institute, Wellcome Genome Campus",908,"EMBL-EBI","Instituto Gulbenkian de Ciencia",1450,"IGC"
"337","European Bioinformatics Institute, Wellcome Genome Campus",908,"EMBL-EBI","Diamond Light Source, Harwell Science and Innovation Campus, Harwell, UK",758,"DLSHSAICHU"
"338","European Bioinformatics Institute, Wellcome Genome Campus",908,"EMBL-EBI","Chan Zuckerberg Initiative, Redwood City, CA, USA",492,"CZIRCCU"
"341","European Bioinformatics Institute, Wellcome Genome Campus",908,"EMBL-EBI","Leiden University Medical Center (LUMC), Leiden, The Netherlands",1705,"LUMC"
"342","European Bioinformatics Institute, Wellcome Genome Campus",908,"EMBL-EBI","Turku BioImaging, University of Turku and Åbo Akademi University, Turku, Finland",2879,"TBUOTABAUTF"
"345","European Bioinformatics Institute, Wellcome Genome Campus",908,"EMBL-EBI","King's College London, London, United Kingdom",1638,"KCLLUK"
"346","European Bioinformatics Institute, Wellcome Genome Campus",908,"EMBL-EBI","Francis Crick Institute, London, UK",1046,"FCILU"
"347","European Bioinformatics Institute, Wellcome Genome Campus",908,"EMBL-EBI","SPT Labtech Ltd, Melbourn, UK",2618,"SLLMU"
"348","European Bioinformatics Institute, Wellcome Genome Campus",908,"EMBL-EBI","Cell Biology and Biophysics Unit, European Molecular Biology Laboratory (EMBL), Heidelberg, Germany",394,"EMBL"
"349","European Bioinformatics Institute, Wellcome Genome Campus",908,"EMBL-EBI","Carl Zeiss Microscopy GmbH, Jena, Germany",375,"CZMGJG"
"350","European Bioinformatics Institute, Wellcome Genome Campus",908,"EMBL-EBI","Université de Nantes, CNRS, INSERM, l’institut du thorax, Nantes, France",2986,"UDNCIIDTNF"
"351","European Bioinformatics Institute, Wellcome Genome Campus",908,"EMBL-EBI","National Physical Laboratory, Teddington, UK",2061,"NPLTU"
"352","European Bioinformatics Institute, Wellcome Genome Campus",908,"EMBL-EBI","German BioImaging e.V., University of Konstanz, Konstanz, Germany",1133,"GBUOKKG"
"353","European Bioinformatics Institute, Wellcome Genome Campus",908,"EMBL-EBI","University of Bristol, UK",3023,"UOBU"
"355","European Bioinformatics Institute, Wellcome Genome Campus",908,"EMBL-EBI","GlaxoSmithKline (United Kingdom)",403,"GSK"
"357","European Bioinformatics Institute, Wellcome Genome Campus",908,"EMBL-EBI","HUPO-PSI initiative: Molecular Interactions Working Group",1289,"HPIMIWG"
"363","European Bioinformatics Institute, Wellcome Genome Campus",908,"EMBL-EBI","Human Proteome Organisation, Vancouver, BC, Canada",1282,"HPOVBC"
"366","European Bioinformatics Institute, Wellcome Genome Campus",908,"EMBL-EBI","Proteomics Standards Initiative (PSI) - Human Proteomics Organisation (HUPO)",2380,"HUPO"
"371","European Bioinformatics Institute, Wellcome Genome Campus",908,"EMBL-EBI","European Union, Serving Life-science Information for the Next Generation (SLING)",966,"SLING"
"383","European Bioinformatics Institute, Wellcome Genome Campus",908,"EMBL-EBI","Faculty of Biology, Medicine and Health, University of Manchester",2517,"FOBMAHUOM"
"385","European Bioinformatics Institute, Wellcome Genome Campus",908,"EMBL-EBI","SWO administrators",2691,"SA"
"387","European Bioinformatics Institute, Wellcome Genome Campus",908,"EMBL-EBI","Jisc, Bristol, UK",1600,"Jisc"
"388","European Bioinformatics Institute, Wellcome Genome Campus",908,"EMBL-EBI","Oxford e-Research Centre, Department of Engineering Science, University of Oxford, Oxford, UK",2281,"ORCDOESUOOOU"
"392","European Bioinformatics Institute, Wellcome Genome Campus",908,"EMBL-EBI","International Council for the Exploration of the Sea (ICES), Copenhagen, Denmark",1483,"ICES"
"393","European Bioinformatics Institute, Wellcome Genome Campus",908,"EMBL-EBI","The Flanders Marine Institute (VLIZ), Belgium",2777,"VLIZ"
"394","European Bioinformatics Institute, Wellcome Genome Campus",908,"EMBL-EBI","French Research Institute for Exploitation of the Sea",1061,"IFREMER"
"396","European Bioinformatics Institute, Wellcome Genome Campus",908,"EMBL-EBI","University of Oxford",3112,"UOO"
"397","European Bioinformatics Institute, Wellcome Genome Campus",908,"EMBL-EBI","Max Planck Institute for Marine Microbiology (MPIMM), Bremen, Germany",1787,"MPIMM"
"399","European Bioinformatics Institute, Wellcome Genome Campus",908,"EMBL-EBI","Marine and Ocean Data Management (MARIS), Voorburg, The Netherlands",1757,"MARIS"
"400","European Bioinformatics Institute, Wellcome Genome Campus",908,"EMBL-EBI","Departement de Biologie (IBENS), Ecole Normale Superieure, Paris, France",663,"IBENS"
"401","European Bioinformatics Institute, Wellcome Genome Campus",908,"EMBL-EBI","Center for Marine Environmental Sciences (MARUM), University of Bremen, Bremen, Germany",427,"MARUM"
"402","European Bioinformatics Institute, Wellcome Genome Campus",908,"EMBL-EBI","Semanticly Ltd",2542,"SL"
"403","European Bioinformatics Institute, Wellcome Genome Campus",908,"EMBL-EBI","City, University of London",529,"CUOL"
"404","European Bioinformatics Institute, Wellcome Genome Campus",908,"EMBL-EBI","Oregon State University, Corvallis, OR, United States",2271,"OSUCOUS"
"407","European Bioinformatics Institute, Wellcome Genome Campus",908,"EMBL-EBI","The Monarch Initiative",2804,"TMI"
"408","European Bioinformatics Institute, Wellcome Genome Campus",908,"EMBL-EBI","Berkeley BOP (BBOP), Lawrence Berkeley National Labs (LBNL), Berkeley, CA, USA",202,"BBOP"
"409","European Bioinformatics Institute, Wellcome Genome Campus",908,"EMBL-EBI","Universit d'Aix-Marseille, Marseille, France",2980,"UAMMF"
"410","European Bioinformatics Institute, Wellcome Genome Campus",908,"EMBL-EBI","Enveda Therapeutics",863,"ET"
"412","European Bioinformatics Institute, Wellcome Genome Campus",908,"EMBL-EBI","University of Heidelberg, Germany",3062,"UOHG"
"413","European Bioinformatics Institute, Wellcome Genome Campus",908,"EMBL-EBI","University of Southern California",3125,"USC"
"415","European Bioinformatics Institute, Wellcome Genome Campus",908,"EMBL-EBI","University of Calabria",3026,"UOC"
"416","European Bioinformatics Institute, Wellcome Genome Campus",908,"EMBL-EBI","Bioinformatics and Computational Biology Unit, Molecular Genetics Laboratory, University of Rome Tor Vergata",679,"BACBUMGLUORTV"
"418","European Bioinformatics Institute, Wellcome Genome Campus",908,"EMBL-EBI","Department of Medicine, University of California San Diego",725,"DOMUOCSD"
"419","European Bioinformatics Institute, Wellcome Genome Campus",908,"EMBL-EBI","NTNU - Norwegian University of Science and Technology",2200,"NNUOSAT"
"422","European Bioinformatics Institute, Wellcome Genome Campus",908,"EMBL-EBI","RWTH Aachen, Germany",2477,"RAG"
"425","European Bioinformatics Institute, Wellcome Genome Campus",908,"EMBL-EBI","Barcelona Supercomputing Center (BSC), Barcelona, Spain",167,"BSC"
"426","European Bioinformatics Institute, Wellcome Genome Campus",908,"EMBL-EBI","ELIXIR Norway",846,"EN"
"441","European Bioinformatics Institute, Wellcome Genome Campus",908,"EMBL-EBI","European Union (EU)",960,"EU"
"449","European Bioinformatics Institute, Wellcome Genome Campus",908,"EMBL-EBI","International Nucleotide Sequence Database Collaboration (INSDC)",1504,"INSDC"
"450","European Bioinformatics Institute, Wellcome Genome Campus",908,"EMBL-EBI","Bioinformation and DDBJ Center",252,"BADC"
"460","European Bioinformatics Institute, Wellcome Genome Campus",908,"EMBL-EBI","Centre for Therapeutic Target Validation, Cambridge, UK",471,"CFTTVCU"
"462","European Bioinformatics Institute, Wellcome Genome Campus",908,"EMBL-EBI","EU-ToxRisk",970,"ET"
"466","European Bioinformatics Institute, Wellcome Genome Campus",908,"EMBL-EBI","ReCoDID",3376,"R"
"468","European Bioinformatics Institute, Wellcome Genome Campus",908,"EMBL-EBI","ELIXIR Europe",841,"EE"
"472","European Bioinformatics Institute, Wellcome Genome Campus",908,"EMBL-EBI","Plazi",3378,"P"
"473","European Bioinformatics Institute, Wellcome Genome Campus",908,"EMBL-EBI","Pensoft Publishers",2305,"PP"
"474","European Bioinformatics Institute, Wellcome Genome Campus",908,"EMBL-EBI","Naturalis Biodiversity Center",2094,"NBC"
"476","European Bioinformatics Institute, Wellcome Genome Campus",908,"EMBL-EBI","University of Tartu, Estonia",3132,"UOTE"
"478","European Bioinformatics Institute, Wellcome Genome Campus",908,"EMBL-EBI","LifeWatch ERIC",1717,"LE"
"479","European Bioinformatics Institute, Wellcome Genome Campus",908,"EMBL-EBI","Consortium of European Taxonomic Facilities",3380,"CETAF"
"480","European Bioinformatics Institute, Wellcome Genome Campus",908,"EMBL-EBI","Meise Botanic Garden",3379,"c(""Plantentuin Meise"", ""MBG"")"
"481","European Bioinformatics Institute, Wellcome Genome Campus",908,"EMBL-EBI","Botanic Garden and Botanical Museum Berlin-Dahlem (BGBM), Germany",302,"BGBM"
"484","European Bioinformatics Institute, Wellcome Genome Campus",908,"EMBL-EBI","Stichting TDWG Europe",3385,"STE"
